S01900006275696C642F534D5F526F7665725F56312E73726563D9
S31500000000007000201104000059040000590400008B
S3150000001059040000590400005904000000000000C3
S31500000020000000000000000000000000590400006D
S31500000030590400000000000059040000296D00006A
S31500000040753100007F3100008931000093310000D6
S315000000509D310000A7310000B1310000BB31000026
S31500000060C5310000CF310000D9310000E331000076
S31500000070ED310000F7310000013200000B320000C4
S31500000080153200005904000059040000590400000C
S3150000009059040000590400005904000059040000E6
S315000000A0DB690000E56900005904000059040000FE
S315000000B059040000590400005904000059040000C6
S315000000C059040000590400005904000059040000B6
S315000000D059040000590400005904000059040000A6
S315000000E05904000059040000590400005904000096
S315000000F05904000059040000590400005904000086
S315000001005904000059040000590400005904000075
S315000001105904000059040000590400005904000065
S315000001205904000059040000F76E0000590400004D
S315000001305904000059040000590400005904000045
S315000001405904000059040000590400005904000035
S315000001505904000059040000590400005904000025
S315000001605904000059040000590400005904000015
S315000001705904000059040000414600004B460000A7
S31500000180554600005F46000069460000590400001D
S3150000019059040000734600007D4600005904000023
S315000001A08746000059040000590400005904000065
S315000001B0914600009B46000059040000A546000039
S315000001C0590400005904000059040000FD500000C5
S315000001D0095100001551000021510000590400008A
S315000001E0590400002D51000039510000455100000E
S315000001F05151000059040000590400005D510000EF
S315000002006951000075510000815100005904000039
S31500000210497500008D51000099510000A55100005C
S31500000220B1510000590400005904000059040000AF
S315000002305904000059040000590400005904000044
S315000002405904000059040000590400005904000034
S315000002505904000059040000590400005904000024
S315000002605904000059040000590400005904000014
S315000002705904000059040000590400005904000004
S3150000028059040000590400005904000059040000F4
S3150000029059040000590400005904000059040000E4
S315000002A059040000590400005904000059040000D4
S315000002B059040000590400005904000059040000C4
S315000002C059040000590400005904000059040000B4
S315000002D059040000590400005904000059040000A4
S315000002E05904000059040000590400005904000094
S315000002F05904000059040000590400005904000084
S315000003005904000059040000590400005904000073
S315000003105904000059040000590400005904000063
S315000003205904000059040000590400005904000053
S315000003305904000059040000590400005904000043
S315000003405904000059040000590400005904000033
S315000003505904000059040000590400005904000023
S315000003605904000059040000590400005904000013
S315000003705904000059040000590400005904000003
S3150000038059040000590400005904000059040000F3
S3150000039059040000590400005904000059040000E3
S315000003A059040000590400005904000059040000D3
S315000003B059040000590400005904000059040000C3
S315000003C059040000590400005904000059040000B3
S315000003D059040000590400005904000059040000A3
S315000003E05904000059040000590400005904000093
S315000003F0590400005904000059040000FFFFFFFFE4
S31500000400FFFFFFFFFFFFFFFFFFFFFFFFFE7FFFFF77
S3150000041072B64FF000014FF000024FF000034FF0AC
S3150000042000044FF000054FF000064FF00007B846F5
S31500000430B946BA46BB46BC4604488546044880478A
S315000004400448804762B608F0FDFDFEE70070002014
S31500000450411200007D120000FFF7FEBF81F000414F
S3150000046002E000BF83F0004330B54FEA41044FEA93
S31500000470430594EA050F08BF90EA020F1FBF54EA2E
S31500000480000C55EA020C7FEA645C7FEA655C00F0CA
S31500000490E2804FEA5454D4EB5555B8BF6D420CDD9B
S315000004A02C4480EA020281EA030382EA000083EA1E
S315000004B0010180EA020281EA0303362D88BF30BDBE
S315000004C011F0004F4FEA01314FF4801C4CEA113114
S315000004D002D0404261EB410113F0004F4FEA033373
S315000004E04CEA133302D0524263EB430394EA050FFE
S315000004F000F0A780A4F10104D5F1200E0DDB02FA6D
S315000005000EFC22FA05F2801841F1000103FA0EF200
S31500000510801843FA05F359410EE0A5F120050EF1C6
S31500000520200E012A03FA0EFC28BF4CF0020C43FAF7
S3150000053005F3C01851EBE37101F0004507D54FF004
S31500000540000EDCF1000C7EEB00006EEB0101B1F554
S31500000550801F1BD3B1F5001F0CD349085FEA30009A
S315000005604FEA3C0C04F101044FEA445212F5800FA5
S3150000057080F09A80BCF1004F08BF5FEA500C50F142
S31500000580000041EB045141EA050130BD5FEA4C0C25
S31500000590404141EB010111F4801FA4F10104E9D1AE
S315000005A091F0000F04BF01460020B1FA81F308BFA5
S315000005B02033A3F10B03B3F120020CDA0C3208DD71
S315000005C002F1140CC2F10C0201FA0CF021FA02F14C
S315000005D00CE002F11402D8BFC2F1200C01FA02F1BC
S315000005E020FA0CFCDCBF41EA0C019040E41AA2BFE1
S315000005F001EB0451294330BD6FEA04041F3C1CDAA9
S315000006000C340EDC04F11404C4F1200220FA04F0C8
S3150000061001FA02F340EA030021FA04F345EA030172
S3150000062030BDC4F10C04C4F1200220FA02F001FA34
S3150000063004F340EA0300294630BD21FA04F02946B6
S3150000064030BD94F0000F83F4801306BF81F480114F
S315000006500134013D4EE77FEA645C18BF7FEA655CC2
S3150000066029D094EA050F08BF90EA020F05D054EA94
S31500000670000C04BF1946104630BD91EA030F1EBF99
S315000006800021002030BD5FEA545C05D1400049419D
S3150000069028BF41F0004130BD14F580043CBF01F590
S315000006A0801130BD01F0004545F0FE4141F4700176
S315000006B04FF0000030BD7FEA645C1ABF1946104651
S315000006C07FEA655C1CBF0B46024650EA013406BF52
S315000006D052EA033591EA030F41F4002130BD00BF11
S315000006E090F0000F04BF0021704730B54FF48064CE
S315000006F004F132044FF000054FF0000150E700BF4F
S3150000070090F0000F04BF0021704730B54FF48064AD
S3150000071004F1320410F0004548BF40424FF000019A
S315000007203EE700BF42004FEAE2014FEA31014FEADD
S3150000073002701FBF12F07F4393F07F4F81F060512C
S31500000740704732F07F4208BF704793F07F4F04BF77
S3150000075041F40021704730B54FF4607401F0004554
S3150000076021F000411CE700BF50EA010208BF7047B4
S3150000077030B54FF000050AE050EA010208BF7047A5
S3150000078030B511F0004502D5404261EB41014FF40E
S31500000790806404F132045FEA915C3FF4D8AE4FF016
S315000007A003025FEADC0C18BF03325FEADC0C18BFF9
S315000007B0033202EBDC02C2F1200300FA03FC20FA4A
S315000007C002F001FA03FE40EA0E0021FA02F1144497
S315000007D0BDE600BF70B54FF0FF0C4CF4E06C1CEAB0
S315000007E011541DBF1CEA135594EA0C0F95EA0C0F21
S315000007F000F0DEF82C4481EA030621EA4C5123EA94
S315000008004C5350EA013518BF52EA033541F48011C2
S3150000081043F4801338D0A0FB02CE4FF00005E1FB75
S3150000082002E506F00042E0FB03E54FF00006E1FBBF
S3150000083003569CF0000F18BF4EF0010EA4F1FF0402
S31500000840B6F5007F64F5407404D25FEA4E0E6D4142
S3150000085046EB060642EAC62141EA55514FEAC52053
S3150000086040EA5E504FEACE2EB4F1FD0C88BFBCF5CF
S31500000870E06F1ED8BEF1004F08BF5FEA500E50F180
S31500000880000041EB045170BD06F0004646EA010146
S3150000089040EA020081EA0301B4EB5C04C2BFD4EB78
S315000008A00C0541EA045170BD41F480114FF0000E71
S315000008B0013C00F3AB8014F1360FDEBF002001F0DF
S315000008C0004170BDC4F10004203C35DA0C341BDC59
S315000008D004F11404C4F1200500FA05F320FA04F02B
S315000008E001FA05F240EA020001F0004221F000415F
S315000008F010EBD37021FA04F642EB06015EEA430ED2
S3150000090008BF20EAD37070BDC4F10C04C4F1200501
S3150000091000FA04F320FA05F001FA04F240EA0200B4
S3150000092001F0004110EBD37041F100015EEA430E85
S3150000093008BF20EAD37070BDC4F1200500FA05F2A5
S315000009404EEA020E20FA04F301FA05F243EA020324
S3150000095021FA04F001F0004121FA04F220EA020033
S3150000096000EBD3705EEA430E08BF20EAD37070BD79
S3150000097094F0000F0FD101F00046400041EB010159
S3150000098011F4801F08BF013CF7D041EA060195F03B
S31500000990000F18BF704703F00046520043EB0303F5
S315000009A013F4801F08BF013DF7D043EA06037047E2
S315000009B094EA0C0F0CEA135518BF95EA0C0F0CD0ED
S315000009C050EA410618BF52EA4306D1D181EA030133
S315000009D001F000414FF0000070BD50EA410606BF2D
S315000009E01046194652EA430619D094EA0C0F02D172
S315000009F050EA013613D195EA0C0F05D152EA0336B7
S31500000A001CBF104619460AD181EA030101F00041D4
S31500000A1041F0FE4141F470014FF0000070BD41F01D
S31500000A20FE4141F4780170BD70B54FF0FF0C4CF4F7
S31500000A30E06C1CEA11541DBF1CEA135594EA0C0F16
S31500000A4095EA0C0F00F0A7F8A4EB050481EA030E63
S31500000A5052EA03354FEA013100F088804FEA03334A
S31500000A604FF0805545EA131343EA12634FEA022218
S31500000A7045EA111545EA10654FEA00260EF00041D9
S31500000A809D4208BF964244F1FD0404F5407402D22B
S31500000A905B084FEA3202B61A65EB03055B084FEABC
S31500000AA032024FF480104FF4002CB6EB020E75EBB9
S31500000AB0030E22BFB61A754640EA0C005B084FEAE1
S31500000AC03202B6EB020E75EB030E22BFB61A75465E
S31500000AD040EA5C005B084FEA3202B6EB020E75EBA9
S31500000AE0030E22BFB61A754640EA9C005B084FEA21
S31500000AF03202B6EB020E75EB030E22BFB61A75462E
S31500000B0040EADC0055EA060E18D04FEA051545EA1C
S31500000B1016754FEA06164FEAC30343EA52734FEAC5
S31500000B20C2025FEA1C1CC0D111F4801F0BD141EA3E
S31500000B3000014FF000004FF0004CB6E711F4801FA3
S31500000B4004BF01430020B4F1FD0C88BFBCF5E06F83
S31500000B503FF6AFAEB5EB030C04BFB6EB020C5FEA93
S31500000B60500C50F1000041EB045170BD0EF0004EE8
S31500000B704EEA113114EB5C04C2BFD4EB0C0541EA1A
S31500000B80045170BD41F480114FF0000E013C90E617
S31500000B9045EA060E8DE60CEA135594EA0C0F08BFDB
S31500000BA095EA0C0F3FF43BAF94EA0C0F0AD150EADA
S31500000BB001347FF434AF95EA0C0F7FF425AF10466D
S31500000BC019462CE795EA0C0F06D152EA03353FF495
S31500000BD0FDAE1046194622E750EA410618BF52EA12
S31500000BE043067FF4C5AE50EA41047FF40DAF52EAE6
S31500000BF043057FF4EBAE12E74FF0FF3C06E000BF83
S31500000C004FF0010C02E000BF4FF0010C4DF804CD8F
S31500000C104FEA410C7FEA6C5C4FEA430C18BF7FEA4F
S31500000C206C5C1BD001B050EA410C0CBF52EA430C7D
S31500000C3091EA030F02BF90EA020F0020704710F1FD
S31500000C40000F91EA030F58BF994208BF90422CBF8C
S31500000C50D8176FEAE37040F0010070474FEA410C85
S31500000C607FEA6C5C02D150EA013C07D14FEA430CA3
S31500000C707FEA6C5CD6D152EA033CD3D05DF8040B14
S31500000C80704700BF8446104662468C461946634646
S31500000C9000E000BF01B5FFF7B7FF002848BF10F11D
S31500000CA0000F01BD4DF808EDFFF7F4FF0CBF012062
S31500000CB000205DF808FB00BF4DF808EDFFF7EAFFDE
S31500000CC034BF012000205DF808FB00BF4DF808ED99
S31500000CD0FFF7E0FF94BF012000205DF808FB00BF8E
S31500000CE04DF808EDFFF7CEFF94BF012000205DF818
S31500000CF008FB00BF4DF808EDFFF7C4FF34BF012025
S31500000D0000205DF808FB00BF4FEA410C7FEA6C5CEF
S31500000D1002D150EA013C0AD14FEA430C7FEA6C5CEF
S31500000D2002D152EA033C02D14FF0000070474FF067
S31500000D30010070474FEA410212F5001215D211D593
S31500000D406FF47873B3EB625212D94FEAC12343F0C2
S31500000D50004343EA505311F0004F23FA02F018BF44
S31500000D60404270474FF00000704750EA013005D10D
S31500000D7011F0004008BF6FF0004070474FF00000D0
S31500000D80704700BF4A0011D212F5001211D20DD5DC
S31500000D906FF47873B3EB62520ED44FEAC12343F07B
S31500000DA0004343EA505323FA02F070474FF0000025
S31500000DB0704750EA013002D14FF0FF3070474FF0D4
S31500000DC0000070474FEA4102B2F1E04324BFB3F599
S31500000DD0001CDCF1FE5C0DD901F0004C4FEAC002AC
S31500000DE04CEA5070B2F1004F40EB830008BF20F090
S31500000DF00100704711F0804F21D113F13872BCBF4A
S31500000E0001F00040704741F480114FEA5252C2F19E
S31500000E101802C2F1200C10FA0CF320FA02F018BFE7
S31500000E2040F001004FEAC1234FEAD32303FA0CFC3A
S31500000E3040EA0C0023FA02F34FEA4303CCE77FEAC9
S31500000E40625307D150EA01331EBF4FF0FE4040F413
S31500000E504000704701F0004040F0FE4040F40000C2
S31500000E60704700BF53B94AB9002908BF00281CBF04
S31500000E704FF0FF314FF0FF3000F07EB9ADF1080CB6
S31500000E806DE904CE00F006F8DDF804E0DDE90223A2
S31500000E9004B070472DE9F047089D04468E46002BA6
S31500000EA04ED18A4294466DD9B2FA82F757B1C7F14C
S31500000EB0200EB94020FA0EFE02FA07FC4EEA010E99
S31500000EC000FA07F44FEA1C49210CBEFBF9F61FFA9B
S31500000ED08CF809FB16EE41EA0E4106FB08F38B423D
S31500000EE00AD91CEB010106F1FF3280F027818B4203
S31500000EF040F22481023E6144C91AA4B2B1FBF9F062
S31500000F0009FB101144EA014400FB08F8A0450AD980
S31500000F101CEB040400F1FF3380F00E81A04540F283
S31500000F200B810238644440EA0640A4EB080400261C
S31500000F307DB1FC4000232C606B603146BDE8F08734
S31500000F408B4209D9002D00F01481002685E80300A4
S31500000F5030463146BDE8F087B3FA83F6002E40F0FE
S31500000F6090808B4202D3824200F2FD80841A61EBAC
S31500000F70030101208E46002DEBD085E81040314656
S31500000F80BDE8F0871AB94FF0010CBCFBF2FCBCFAC5
S31500000F908CF7A7BBA1EB0C034FEA1C421FFA8CF897
S31500000FA00126B3FBF2FE210C02FB1E3341EA03418C
S31500000FB008FB0EF38B4208D91CEB01010EF1FF3042
S31500000FC002D28B4200F2D1808646C91AA3B2B1FB87
S31500000FD0F2F002FB101143EA014408FB00F8A045B9
S31500000FE008D91CEB040400F1FF3302D2A04500F23D
S31500000FF0B7801846A4EB080440EA0E4098E7C7F10C
S31500001000200301FA07F40CFA07FC20FA03FED94084
S315000010104FEA1C424EEA040EB1FBF2F64FEA1E43BB
S3150000102002FB16111FFA8CF843EA014306FB08F18E
S31500001030994200FA07F40AD91CEB030306F1FF30C4
S3150000104080F08C80994240F28980023E63445B1AAC
S315000010501FFA8EF1B3FBF2F002FB103341EA0341B3
S3150000106000FB08F38B4208D91CEB010100F1FF3E9F
S3150000107070D28B426ED902386144CB1A40EA0646DA
S315000010808FE7C6F1200722FA07F8B34001FA06F403
S3150000109048EA030320FA07FC4FEA134EF9404CEAEC
S315000010A0040CB1FBFEF94FEA1C440EFB19111FFAA2
S315000010B083F844EA014109FB08F48C4202FA06F27D
S315000010C000FA06FA08D9591809F1FF3044D28C42C1
S315000010D042D9A9F102091944091B1FFA8CFCB1FB7C
S315000010E0FEF00EFB10114CEA014400FB08F8A04587
S315000010F007D91C1900F1FF312AD2A04528D9023898
S315000011001C4440EA0940A4EB0804A0FB02894C45B4
S31500001110C446494616D313D055B1BAEB0C0364EB5B
S31500001120010404FA07F7F3401F43F4402F606C6094
S3150000113000263146BDE8F0871846F4E61646DBE69B
S31500001140C245E9D2B8EB020C69EB03010138E3E7CB
S315000011500846D6E7704690E78146BDE7064676E73D
S315000011600238644446E7304605E7AEF1020E6144B4
S315000011702BE72E462846ECE6704700BF10F8012BF9
S3150000118011F8013B012A28BF9A42F7D0D01A7047BE
S31500001190034613F8012B002AFBD1181A01387047B1
S315000011A001F0FF01102A2BDB10F0070F08D010F812
S315000011B0013B013A8B422DD010F0070F42B3F6D116
S315000011C0F0B441EA012141EA014122F007047FF02F
S315000011D000070023F0E80256083C85EA010586EA86
S315000011E0010685FA47F5A3FA87F586FA47F6A5FAC2
S315000011F087F68EB9EED1F0BC01F0FF0102F00702CE
S3150000120032B110F8013B013A83EA010313B1F8D178
S315000012100020704701387047002D06BF3546033859
S31500001220073815F0010F07D1013015F4807F02BF92
S31500001230013015F4C03F0130F0BC0138704700BFE3
S315000012404FF0E023D3F8882D42F47002C3F8882DBE
S31500001250D3F8342F22F08042C3F8342F054B064AC8
S315000012605A605A6842F220121A604FF6FF729A606C
S31500001270704700BF0020054020C528D9264B274AC5
S315000012809A4208D013462448254A13F8011B02F84F
S31500001290011B9842F9D1234B234A9A4208D01346A0
S315000012A02048224A13F8011B02F8011B8342F9D198
S315000012B01F4B204A9A4206D0134600211C4A03F8C7
S315000012C0011B9342FBD11C4B1C4A9A4208D0134681
S315000012D019481B4A13F8011B02F8011B8342F9D176
S315000012E0184B194A9A4212D010B4184CA40808D0C8
S315000012F01946002351F8040B42F8040B0133A342AC
S31500001300F8D1134B104A1A605DF8044B7047104B26
S315000013100C4A1A60704700BF3C7F0100806E0100D6
S315000013200084FF1F3C7F01003C7F0100BC94FF1F2F
S31500001330E40B0020000000203C7F01003C7F010000
S3150000134000000020000000000080FF1F00040000D5
S3150000135008ED00E0074B5B69DBB2042B06D0802B5F
S3150000136006D0012B0CBF01200420704702207047D5
S315000013700320704700E00740044BD3F8003113F018
S31500001380807F1ABF024B1868002070470040064055
S315000013902000002010B584B00B46002938D0444AFE
S315000013A0D2F8002112F0007F7DD1414AD2F8001117
S315000013B021F40001C2F800114FF08061C2F800115B
S315000013C000213C4A1160002870D05A7A120202F4B9
S315000013D0E062197A01F007010A433548C0F8042192
S315000013E0DA79120102F030029979C90001F0080198
S315000013F00A435979890001F004010A43C0F808211B
S315000014001A79012A2FD0CAB1022A38D000BEFEE7C7
S3150000141000238DF804308DF80C3001228DF8082059
S315000014208DF809208DF805208DF8063002238DF8F9
S31500001430073004AB204A43F8102DB0E71A7B002A88
S3150000144014BF4FF40002002242F001021849C1F80D
S3150000145000211A68174B1A60184CFFF78DFFE8B980
S31500001460D4B1013CF9E71A7B002A14BF4FF40002FD
S31500001470002242F001120E49C1F80021E9E71A7B69
S31500001480002A14BF4FF403024FF4403242F0010227
S315000014900749C1F80021DCE7032005E0002C14BF52
S315000014A00020032000E0022004B010BD0020FBE76E
S315000014B0004006402000002000127A0088E7300035
S315000014C0084BD3F8003213F0807F09D0054BD3F8D0
S315000014D0083203F00103002B034808BF00207047C1
S315000014E0002070470040064000127A0010B582B016
S315000014F00B46002938D02D4AD2F8002212F0007F80
S315000015004FD12A4AD2F8001221F40001C2F8001283
S315000015100021C2F80012002846D09A78120202F47E
S31500001520E062597801F007010A432049C1F8042214
S315000015301A7802F00102C1F8082259799A791B79C2
S31500001540002B14BF03230123002914BF042100210B
S315000015500B43002A14BF4FF4000200221343134A20
S31500001560C2F80032642410E000238DF80430012212
S315000015708DF805208DF806308DF801208DF80220B3
S3150000158002AB03F8082DB6E7013CFFF799FF18B93F
S31500001590002CF9D1032005E0002C14BF0020032005
S315000015A000E0022002B010BD0020FBE7004006402C
S315000015B0054BD3F8003313F0807F1DBF024BD3F8E1
S315000015C0083302480020704700400640006CDC02E9
S315000015D010B582B00B46002932D0294AD2F8002332
S315000015E012F0007F47D1264AD2F8001321F40001F9
S315000015F0C2F800134FF08061C2F8001300283DD0F6
S315000016009A78120202F4E062597801F007010A435F
S315000016101B49C1F804231A7802F00302C1F8082313
S315000016209A795B79002B14BF01230923002A14BF82
S315000016304FF4000200221343C1F8003364240EE085
S3150000164001238DF8053000228DF806208DF8013033
S315000016508DF8023002AB03F8082DBEE7013CFFF718
S31500001660A7FF18B9002CF9D1032005E0002C14BF00
S315000016700020032000E0022002B010BD0020FBE79E
S315000016800040064008B50F4BD3F8003613F0807FB4
S3150000169002D10023184608BDFFF76EFE0346002858
S315000016A0F8D00849D1F80826C2F302220132B0FB6D
S315000016B0F2F3D1F80826C2F30442103203FB02F318
S315000016C05B08E7E70040064010B584B00C4689B9D0
S315000016D000238DF804308DF80B3001228DF8082098
S315000016E08DF809208DF8053007228DF806208DF833
S315000016F0073001AC3D4BD3F8003613F0007F71D1B3
S315000017003A4BD3F8002622F40002C3F800264FF025
S315000017108062C3F80026002866D0FFF72DFE034638
S3150000172008B900BEFEE760780130B3FBF0F0A0F523
S31500001730F400A0F590502E4B984201D900BEFEE76A
S3150000174063791B0203F4E063227902F00702134374
S315000017502649C1F8043663781B0203F4E063A278D5
S31500001760120402F4F8121343C1F808362378012B49
S3150000177018D01BB1022B21D000BEFEE7E379002B67
S3150000178014BF4FF40003002343F00103174AC2F8C5
S3150000179000364FF47A74FFF775FFF0B9DCB9032011
S315000017A004B010BDE379002B14BF4FF400030023EF
S315000017B043F001130D4AC2F80036EAE7E379002B3D
S315000017C014BF4FF403034FF4403343F00103074AB9
S315000017D0C2F80036DDE7013CDDE7002C14BF00202F
S315000017E00320DDE70220DBE70020D9E700400640C2
S315000017F000366E012DE9F84391F802904E780D7887
S315000018000746003018BF012008B900BEFEE7804633
S315000018100C46CB78022B50D003D8012B08D00020E1
S3150000182008E0032B4CD0062BF9D1FFF72BFF01E084
S31500001830FFF7A2FD09F1010206FB022605FB0225C0
S315000018400309022F3FD0032F73D0012F40F0B08041
S31500001850E1780C2000FB01F0644F3858000902FBC8
S3150000186000F2934200F2A6800C2202FB017252683B
S31500001870120906FB02F6B34200F29F800C2202FB1D
S3150000188001729268120905FB02F5AB4200F29880DC
S31500001890A3781B0403F47023090601F070610B435F
S315000018A0227802F00F02134362781201D2B2134378
S315000018B04F4A53610020BDE8F883FFF701FEB9E700
S315000018C0FFF776FEB6E7E178022901D000BEFEE713
S315000018D00C2000FB01F0474F3858000902FB00F2CC
S315000018E0934270D80C2202FB01725268120906FB61
S315000018F002F6B3426AD80C2202FB01729268120900
S3150000190005FB02F5AB4264D8A3781B0403F47023ED
S31500001910090601F070610B43227802F00F021343AF
S3150000192062781201D2B21343314A93610020BDE8B6
S31500001930F883E178032905D0062914BF4FF0000883
S315000019404FF00108B8F1000F01D100BEFEE70C20F0
S3150000195000FB01F0284F3858000902FB00F29342C1
S315000019603AD80C2202FB01725268120906FB02F6F3
S31500001970B34234D80C2202FB01729268120905FBAD
S3150000198002F5AB422ED8A3781B0403F47023090694
S3150000199001F070610B43227802F00F021343627864
S315000019A01201D2B21343124AD3610020BDE8F88374
S315000019B000BEFEE70120BDE8F8830120BDE8F883FC
S315000019C00120BDE8F8830120BDE8F8830120BDE8C9
S315000019D0F8830120BDE8F8830120BDE8F8830120E3
S315000019E0BDE8F8830120BDE8F88300BFEC0F0100D5
S315000019F00040064040100100980F010008B900BEE3
S31500001A00FEE710B50446C378FF2B01D100BEFEE702
S31500001A10FFF7A0FC042801D100BEFEE72146FFF730
S31500001A20E9FE034658B9E4780A220848013A0169F2
S31500001A30C1F303618C4204D0002AF7D10323184670
S31500001A4010BD002A08BF0323F9E700BF0040064087
S31500001A50022801D900BEFEE710B504461B4B1B69E0
S31500001A60C3F30363022B1BD006D9032B1BD0062B13
S31500001A7004D1FFF707FE05E0012B01D0002001E0AD
S31500001A80FFF77AFC114B1B69C3F303430133B0FB29
S31500001A90F3F0012C0AD0C4B1022C0FD0002010BDE7
S31500001AA0FFF70EFDEEE7FFF783FDEBE7074B1B693C
S31500001AB0C3F303130133B0FBF3F010BD034B1B69F3
S31500001AC003F00F030133B0FBF3F010BD00400640F6
S31500001AD008B5104B1B6AC3F30363022B11D005D85C
S31500001AE05BB1012B13D1FFF747FC08BD032B0BD0CD
S31500001AF0062B0CD1FFF7C6FD08BD0220FFF7A8FF95
S31500001B0008BDFFF7DDFC08BDFFF752FD08BD00204C
S31500001B1008BD00BF0040064008B519B1012931D003
S31500001B2000BEFEE7052816D009D8042828D1FFF7FD
S31500001B30C7FC2A4BD3F8043203F0070312E0062849
S31500001B4016D007281CD1FFF79DFD244BD3F8043689
S31500001B5003F0070306E0FFF72BFD204BD3F8043311
S31500001B6003F0070313B1013B20FA03F3184608BD3F
S31500001B70FFF702FC194BD3F8043103F00703F1E732
S31500001B8000BEFEE7052816D009D8042823D1FFF7A2
S31500001B9097FC124BD3F80432C3F30223E2E706287C
S31500001BA011D0072817D1FFF76DFD0C4BD3F804367B
S31500001BB0C3F30223D6E7FFF7FBFC084BD3F8043345
S31500001BC0C3F30223CEE7FFF7D7FB044BD3F8043168
S31500001BD0C3F30223C6E700BEFEE700BF004006408F
S31500001BE008B5114B1B69C3F30113012B0BD02BB1A5
S31500001BF0022B11D0032B12D0002008BD0021062095
S31500001C00FFF78AFF08BD084B186900F0020000289C
S31500001C1018BF4FF4FA4008BD044B186808BD0021F0
S31500001C200520FFF779FF08BD008004400000002072
S31500001C30134B1B69C3F38103012B06D0EBB1022BB7
S31500001C4005D0032B0CD000BEFEE7002070470C4BDE
S31500001C50186900F00200002818BF4FF4FA407047D8
S31500001C60074B186910F0020009D0186900F001004E
S31500001C70002818BF4FF47A7070474FF4FA30704757
S31500001C800080044008B5294B5B6813F4006F4AD006
S31500001C90264B5B68C3F30313072B35D00AD90A2BEF
S31500001CA03ED017D8082B33D0092B1AD10120FFF7C5
S31500001CB0CFFE17E0022B1DD008D9042B1FD0062B10
S31500001CC00FD101210520FFF727FF0BE04BB9FFF7E6
S31500001CD0FFFE07E00C2B20D00E2B02D1FFF780FF72
S31500001CE000E00020114B5B68C3F302230133B0FB15
S31500001CF0F3F008BD01210620FFF70EFFF2E70121F0
S31500001D000420FFF709FFEDE70020FFF7A1FEE9E752
S31500001D1001210720FFF700FFE4E7FFF789FFE1E76E
S31500001D204FF4FA30DEE7002008BD00BF0080044013
S31500001D3010B50C461C286FD022D8182855D010D8BC
S31500001D4016283ED047D8152840F0A7805F4BDB68A1
S31500001D50C3F30163022B00F2AB805D4A52F82330D5
S31500001D6005E01A284AD04DD8FFF78CFF034600201D
S31500001D70002B00F09580002C00F0A680236010BD9B
S31500001D8020286FD010D81E2858D060D8514B9B7889
S31500001D90DB0940F097804D4B1B6903F00203002BD3
S31500001DA018BF4FF4FA43E2E722286DD063D3232805
S31500001DB073D1464B1B6C13F001034DD14FF4807069
S31500001DC0D9E7424BDB68C3F38163022B72D8404AE2
S31500001DD052F82330CBE73D4BDB68C3F30173022B8C
S31500001DE06AD83B4A52F82330C1E7384BDB689B0F71
S31500001DF0022B63D8364A52F82330B8E7FFF7F0FED5
S31500001E000346B4E7334B9B78DB0901D00023AEE7EA
S31500001E10FFF70EFF0346AAE72E4B9B78DB094FD14F
S31500001E202A4B1B6913F00203A1D0284B1B6903F050
S31500001E300103002B18BF4FF47A7398E7254B9B7864
S31500001E40DB09002B14BF00234FF4FA338FE71F4B37
S31500001E501B6CC3F3001343B30120FFF7F9FD0346E0
S31500001E60002085E7194B1B6CC3F3C003002BF3D18D
S31500001E704FF480707FE7154B1B6CC3F38003002B78
S31500001E80EAD14FF4807076E7104B1B6CC3F3400326
S31500001E90002BE1D14FF480706DE70420002367E743
S31500001EA0042818BF4FF4807065E74FF4807062E72E
S31500001EB000235CE700235AE7002358E7002356E790
S31500001EC0002354E7002352E710BD00BF0080044002
S31500001ED00400002000D0074030B583B000230193F2
S31500001EE02F4B33F810309B0003F1804303F5CA23D0
S31500001EF01D68C5F3C0051C6804F00704AC4226D370
S31500001F001A6812F0804F22D01B68C3F30263022BBB
S31500001F1020D008D8012B0FD03D2835D024D83C2816
S31500001F202CD000240CE0032B19D0062BF4D107206B
S31500001F30FFF7F2FD019003E00620FFF7EDFD0190AB
S31500001F400134019BB3FBF4F405FB044401940198AE
S31500001F5003B030BD0420FFF7DFFD0190F0E7052058
S31500001F60FFF7DAFD0190EBE73E2813D03F28D8D1E2
S31500001F7001A91820FFF7DCFE0024E1E701A91520DE
S31500001F80FFF7D6FE0024DBE701A91620FFF7D0FEF7
S31500001F900024D5E701A91720FFF7CAFE0024CFE7E2
S31500001FA0F80E0100F0B5A5B00446FFF7D3F90128F5
S31500001FB001D000BEFEE72CB12646002C40F0718110
S31500001FC000BEFEE701238DF80B3000228DF80C20B1
S31500001FD08DF80D308DF80E208DF808308DF809300B
S31500001FE08DF80A308DF816308DF814308DF81520DE
S31500001FF08DF80F208DF810308DF811308DF83830AF
S315000020000D928DF82530BA4906918DF81C208DF871
S3150000201024208DF81D308DF81E2002208DF81F001B
S315000020208DF820308DF821308DF830308DF828204D
S315000020308DF82F208DF829200C218DF82A108DF887
S315000020402B208DF82C308DF82D308DF83D30032166
S315000020508DF83C108DF84B308DF841108DF84020EE
S315000020608DF83F308DF83E308DF845008DF84430C0
S315000020708DF843208DF8421006208DF849008DF822
S3150000208048208DF847308DF846109A492291202134
S3150000209021918DF84C308DF84D208DF84E208DF81D
S315000020A04F208DF850308DF854308DF853308DF820
S315000020B052208DF851208DF878308DF879308DF8D2
S315000020C07A308DF87B308DF87C308DF87D308DF848
S315000020D083308DF858301792189219921A921B92E3
S315000020E01C921D928DF87E308DF87F308DF8802001
S315000020F08DF881208DF882208DF88C308DF88D300A
S315000021008DF88E2002AE34467B4B1B69C3F3036306
S31500002110032B1CD0FFF74CFA38B900210120FFF73A
S3150000212057FA0546002840F0B98003238DF807309A
S3150000213000228DF8062001228DF8052024A800F83B
S315000021408C3DFFF75BFC0546002840F0A780314632
S31500002150E078FFF7CBF9054668B904F11001607F16
S31500002160FFF718F9054630B904F1200194F8280064
S31500002170FFF7AAFA0546FFF7EDF8022800F0998066
S31500002180032800F09980012840F0998004F1360672
S31500002190002D53D1F378032B40F0938094F8283028
S315000021A0002B00F0F38106238DF8073002238DF80B
S315000021B0063001238DF8053024A800F88C3DFFF782
S315000021C01DFC0546637F7BB1012820D101238DF8D4
S315000021D0073000228DF806208DF8053024A800F877
S315000021E08C3DFFF70BFC0546E37883B1012D0ED13C
S315000021F002238DF8073000238DF806308DF8053060
S3150000220024A8012300F88C3DFFF7F8FB0546ADB97D
S31500002210E11DA07BFFF7DCF9054678B9F3788DF868
S315000022200730B3788DF8063073788DF8053033783B
S3150000223024A800F88C3DFFF7E1FB054675BB00229C
S315000022402E4B1A6094F8303013B1E26A2B4B1A60A9
S3150000225094F8353053B128490A6A22F0706294F82E
S3150000226034301B0603F0706313430B6294F843305B
S31500002270D3B104F136010120FFF7BCFA054668B96F
S3150000228004F13A010220FFF7B5FA054630B904F128
S315000022903E010320FFF7AEFA054628B1284625B0D1
S315000022A0F0BD002C7FF430AF14F1440F28D100BEEE
S315000022B0FEE704F13A066BE704F13E0668E700BE66
S315000022C0FEE78DF80730B3788DF8063073788DF811
S315000022D00530337824A800F88C3DFFF78FFB0546C0
S315000022E00028ABD1E11DA07BFFF772F90546A5E7F3
S315000022F000127A000084FF1F004006400000002004
S3150000230094F84430E3B194F8455094F8463094F884
S315000023104720A349486820F400604860496821F4D2
S315000023207F61002D14BF4FF4006000201B01DBB25B
S31500002330120202F4E06213430B430343984A5360CC
S3150000234094F84830DBB194F84A3094F8492094491F
S31500002350096921F03F0194F84C00014394F84B00C1
S31500002360002814BF022000209B0003F00C030B433F
S31500002370120102F0300213430343894A136194F8B1
S315000023807030002B37D0864B196C21F0010194F880
S3150000239071200A431A641B6C23F0020394F872201E
S315000023A0002A14BF0222002213437D4A1364136CD1
S315000023B023F0040394F87320002A14BF0422002299
S315000023C01343774A1364136C23F0080394F87420BC
S315000023D0002A14BF082200221343714A1364136CA7
S315000023E023F0100394F87520002A14BF102200224F
S315000023F013436B4A136494F85030002B38D0694B62
S31500002400626D1A60A26D5A60E26D9A6004F1600511
S315000024100121634855F8043BC2684E1EF6B2012EF0
S3150000242012D04EB1022E16D0032E1BD0C260032945
S315000024301ED80131C9B2EDE722F040721B0603F047
S3150000244040731343C360F4E722F040629B0603F037
S3150000245040631343F6E722F040521B0703F0405354
S315000024601343EFE722F0404242EA83734C4AD360BB
S3150000247094F87630EBB14A4A936E00209066516824
S3150000248021F4805194F878301B0303F480530B43F6
S315000024905360906694F877305BB194F879305B00BE
S315000024A003F00E0394F87A2042F0805213433C4A1C
S315000024B0936604F17C0314F17C0F01D100BEFEE7A4
S315000024C0002B38D0D4F88030002B34D0E36F93B390
S315000024D000223548354D02EB8201D4F880305B5C32
S315000024E030F813309B0003F1804303F5CA231E68BE
S315000024F026F080461E60D4F880305F185E5CBB789C
S315000025001B0603F0E063F978C90001F008010B43EC
S31500002510397901F007010B437978002914BF4FF090
S31500002520804100210B4330F8161045F82130013266
S31500002530E36F9A42CFD314F1840F01D100BEFEE7B8
S3150000254094F8843003B31A498B7803F07F0394F828
S31500002550852082F0010243EAC213DBB28B7094F944
S315000025608630002BBCBF20335BB2DAB2202A01D9F9
S3150000257000BEFEE70E490A7903F01F0302F0E002EF
S3150000258013430B71002589E6002587E6637F002B40
S315000025907FF41CAEE378002B7FF42AAE012536E6E5
S315000025A00080044004000020F80E010000500640A0
S315000025B000D0074070B504460D46112808D92328D7
S315000025C040F288804D2840F289800423184670BD69
S315000025D0082850D00FD90D2861D022D80A2852D009
S315000025E04DD30B2855D00C2871D100210520FFF7BB
S315000025F093FA002326E003282DD00AD9052832D0E5
S315000026002DD3062833D0072861D1FFF73BF80023E6
S3150000261018E001281AD011D90220FFF719FA002371
S3150000262010E00F2847D040D310284AD011284ED1A9
S3150000263001210720FFF770FA002303E00020FFF7CF
S3150000264007FA0023002DC1D02860BFE70120FFF75D
S31500002650FFF90023F6E7FFF715FB0023F2E7FEF785
S315000026602FFF0023EEE7FEF7A3FF0023EAE7FEF7BE
S3150000267083FE0023E6E74D4B18680023E2E7FFF7E9
S3150000268027FA0023DEE700210420FFF745FA00239E
S31500002690D8E701210420FFF73FFA0023D2E7012102
S315000026A00520FFF739FA0023CCE700210620FFF7C3
S315000026B033FA0023C6E701210620FFF72DFA00238F
S315000026C0C0E700210720FFF727FA0023BAE700201A
S315000026D00423B7E7FFF72CFB034677E7242806D841
S315000026E004230022002D3FF471AF2A606EE7A0F1AB
S315000026F03303DBB21A2B07D82D4A22FA03F313F061
S31500002700010F18BF0423ECD12A4B33F814202A4BAF
S3150000271053F8223013F0804F44D0284B1E5D16F03C
S31500002720200F07D116F0400F0ED116F0800F15D1ED
S3150000273000BEFEE70120FFF78BF9024650B116F006
S31500002740180F12D10023CDE70020FFF781F90246CA
S315000027500028F4D100224FF48073C3E70220FFF76C
S3150000276077F902460028F5D0E9E716F0080F06D1FA
S3150000277016F0100F0BD100224FF48073B2E7002140
S315000027802046FFF7A9FB024616F0100F04D00121E0
S315000027902046FFF7A1FB0246002A14BF00234FF490
S315000027A080739FE74FF480739BE700BF0000002013
S315000027B041210004F80E010000500640941001006B
S315000027C008B900BEFEE710B404460AB900BEFEE72B
S315000027D004480460017182600373437300205DF84E
S315000027E0044B7047100000203B4B1B79834201D8F5
S315000027F000BEFEE7F0B583B00E4605468DF8040030
S315000028008DF8051000F0A6F8334B1C7B5C73012392
S315000028108DF80630002C4AD000242F4F04E00134F6
S31500002820E4B23B7BA34242D9BB6853F82430002B69
S31500002830F5D01A79022AF2D01A68996801A8904749
S315000028400028ECD07C73002EE9D140F2031500235A
S315000028508DF80630A400204E24E00134E4B23B7B20
S31500002860A34212D9BB6853F82430002BF5D01A794D
S31500002870012AF2D01A68996801A890470028ECD07E
S315000028807C73002EE9D14FF4827500F055F8284686
S3150000289003B0F0BD1A68996801A89047043C14F18A
S315000028A0040FF2D0B3681B59002BF3D1F6E70A4F99
S315000028B03B6853F82500FFF775FB7D710546002838
S315000028C0C5D102238DF80630034B1B7B002BDCD0D1
S315000028D00024014FC6E700BF1000002008B5FFF72F
S315000028E069FE08BD002801DA00BEFEE77A2801DD90
S315000028F000BEFEE7420900F01F00012303FA00F0C4
S31500002900014B43F82200704700E100E0002801DA9D
S3150000291000BEFEE77A2801DD00BEFEE7430900F0AF
S315000029201F00012202FA00F02033024A42F8230077
S31500002930704700BF00E100E0054B1B68002B04DD7B
S31500002940013B034A1360002B00DD704762B6FCE7CB
S315000029502400002072B6024A1368013313607047E0
S315000029602400002060B170B506460C4600252046BE
S3150000297000F04EF801351834AE42F8D1002070BD93
S315000029800020704710B4036801248C4023EA040336
S315000029908A401A4302605DF8044B704741607047F5
S315000029A081607047184B98421ED10D2913D004D868
S315000029B059B101290CD0FF2070470F2911D00DD332
S315000029C01029F8D102F00D00704742F0010070475F
S315000029D042F00200704742F00400704742F00800DF
S315000029E0704702F00E007047084B98420AD119B1A1
S315000029F0012904D0FF20704702F00B00704702F057
S31500002A0007007047FF20704700A0044000B0044054
S31500002A1038B504460068031C18BF01230BB900BE75
S31500002A20FEE71A46E37A012B02D032B900BEFEE772
S31500002A302269003218BF0122F7E761681F2901D910
S31500002A4000BEFEE750F82120257A012D58D01DB191
S31500002A50022D5AD000BEFEE722F00202657A2D0151
S31500002A6005F0100522F050022A43A57AAD0105F0C3
S31500002A7040052A4322F4E065082B12D1314B5A68EF
S31500002A8002F00F02FFF78EFFFF2841D02D4A536850
S31500002A9023F00F035360516800F00F030B4353609C
S31500002AA000231B0203F4E0632B43227BD20392B282
S31500002AB023F478231343627B120402F47022134337
S31500002AC0A27B0AB143F080732268616842F8213024
S31500002AD02168D1F8C03060680122824023EA0202F0
S31500002AE0E37B83401343C1F8C030E37A012B18D14E
S31500002AF021694B69227D6AB1012A13D000BEFEE727
S31500002B0022F0010242F00202A8E742F00302A5E722
S31500002B100023C6E7616801228A4023EA020322698C
S31500002B20536138BD606801228240134305460A6836
S31500002B300120A84022EA0000627DAA4002430A6002
S31500002B40EDE700BF0080044000F00F0001230BB941
S31500002B5000BEFEE7034A10770BB900BEFEE7014B45
S31500002B60D8777047008000400F2801D900BEFEE7E5
S31500002B700A4B1B680BB900BEFEE710B453F82040A1
S31500002B800CB900BEFEE753F82040616053F82030D0
S31500002B909A6000205DF8044B704700BF28000020B3
S31500002BA010B5064B1B6853F82040FFF7CDFF24B144
S31500002BB0636813B1217BA068984710BD28000020E8
S31500002BC070B5054600F00F06002231460A4800F0AF
S31500002BD025FA0A4B1B6853F825405CB12846FFF7D7
S31500002BE0B3FF054B9E7701232373636813B1217BE3
S31500002BF0A068984770BD00BF0080004028000020F4
S31500002C002DE9F04F85B09DF838800F2801D900BE18
S31500002C10FEE78C46754C24680CB900BEFEE754F8F6
S31500002C202040003418BF012425460CB900BEFEE73B
S31500002C30B8F1020F04D9A8F10404022C28BF00251C
S31500002C400DB900BEFEE700F00F05012404FA08F4F2
S31500002C50E6B2B2FBF6F706FB17270FB100BEFEE79A
S31500002C60B3FBF6F706FB17370FB100BEFEE70F9F63
S31500002C70B7FBF6F70F9906FB1716002E14BF4FF099
S31500002C80010B4FF0000B40F0AC80039302926746B5
S31500002C908246574E2946304600F0C5F9336843F060
S31500002CA08003336001260EB900BEFEE76B0103F117
S31500002CB0804303F5004903F51043029A1A600EB9E2
S31500002CC000BEFEE74A4800EB451241F210030399A5
S31500002CD0D150CDF80480CDF8008000231A4629464D
S31500002CE000F0C6F9012F29D097B1022F3CD0032F4F
S31500002CF04FD03F4C0F9A2946204600F0D5F90122C5
S31500002D002946204600F002FA002E57D100BEFEE703
S31500002D100EB900BEFEE7002241F2040329F80320A3
S31500002D2062B20EB900BEFEE792B26B0103F18043B8
S31500002D3003F5004341F214015A52DAE763B20EB9C1
S31500002D4000BEFEE79BB241F2040229F802300EB93A
S31500002D5000BEFEE76B0103F1804303F5004300214B
S31500002D6041F214029952C4E763B20EB900BEFEE7FF
S31500002D709BB241F2040229F802300EB900BEFEE70A
S31500002D806A0102F1804202F5004241F214015352F7
S31500002D90AFE70EB900BEFEE7002241F2040329F8B0
S31500002DA003200EB900BEFEE76B0103F1804303F575
S31500002DB00043002141F2140299529AE76B0103F194
S31500002DC0804303F5004341F21C015A5A12B242F005
S31500002DD0020292B25A52054B1B6853F82A3000225F
S31500002DE01A73584605B0BDE8F08F00BF28000020D2
S31500002DF000800040F0B583B09DF820600F2801D90F
S31500002E0000BEFEE7204C24680CB900BEFEE700F0C9
S31500002E100F040125B540EDB2B2FBF5F705FB172708
S31500002E200FB100BEFEE7B3FBF5F705FB17350DB195
S31500002E3000BEFEE7099D01950096FFF7E1FE0546F7
S31500002E40F8B90A9A2146114800F060F9630103F1C6
S31500002E50804303F5004341F21C029B5A23F008030A
S31500002E601B041B0C9DF82C20002A14BF08220022EC
S31500002E701A43630103F1804303F5004341F21C0149
S31500002E805A52284603B0F0BD2800002000800040BA
S31500002E900F2801D900BEFEE708B5094B1B680BB920
S31500002EA000BEFEE753F820300BB900BEFEE7012254
S31500002EB000F00F01034800F0B1F8002008BD00BF84
S31500002EC028000020008000400F2801D900BEFEE740
S31500002ED008B5094B1B680BB900BEFEE753F8203056
S31500002EE00BB900BEFEE7002200F00F01034800F018
S31500002EF095F8002008BD00BF280000200080004093
S31500002F000F288CBF002301230BB900BEFEE730B4A7
S31500002F10184C24680CB900BEFEE70BB900BEFEE7EC
S31500002F20154D2C5C04F07F042C540BB900BEFEE753
S31500002F30114D2C5C01F03F0104F0C00421432954DB
S31500002F400BB900BEFEE70C49095C01F0BF01002A7F
S31500002F5014BF402200220A4307490A540BB900BE97
S31500002F60FEE7054A135C43F080031354002030BC8F
S31500002F70704700BF28000020001002400F2801D92A
S31500002F8000BEFEE70A4B1B680BB900BEFEE753F80E
S31500002F9020300BB900BEFEE700F00F035B0103F122
S31500002FA0804303F5004341F20C029950704700BF7D
S31500002FB0280000200F2801D900BEFEE7124B1B682F
S31500002FC00BB900BEFEE753F820300BB900BEFEE792
S31500002FD000F00F00430103F1804303F5004341F283
S31500002FE01C029B5A23F008031B041B0C002914BF68
S31500002FF0082200221A43400100F1804303F50043F2
S3150000300041F21C015A5270472800002008B100BE48
S31500003010FEE70148704700BF008000400AB981768C
S315000030207047C176704700EB4111002341F2080258
S315000030308B5001F58052136041F204028B5241F22B
S3150000304006028B5241F20C028B5041F210028B5059
S3150000305041F214028B5241F216028B5241F21802CF
S315000030608B5041F21C028B5241F21E028B5270476A
S315000030700F2901D900BEFEE710B4DB00DCB29DF8D3
S31500003080083003F00703234343EAC2239DF80420D4
S31500003090120202F4E06213439BB2803100EB41114D
S315000030A0CB805DF8044B70470F2901D900BEFEE7BF
S315000030B0036813F0800F15D010B400EB411341F2F2
S315000030C008041B59002B13DB00EB41131B5913F0AB
S315000030D0804F0DD122F0404200EB41110A515DF8BC
S315000030E0044B704700EB411141F20803CA50704788
S315000030F000EB411141F20804085920F47F7020F0DA
S315000031000300C2F3090303430B51E8E70F2901D972
S3150000311000BEFEE710B4034600EB411041F21E0468
S31500003120005B10F4004F14D103EB411341F21E0073
S31500003130195AC2F30E0201F400411143195241F229
S315000031401600195A01F400410A431A525DF8044B5D
S31500003150704703EB4113195BC2F3080201F47E4189
S315000031601143195341F21600195A01F47E410A43DC
S315000031701A52EBE708B50020FFF712FD08BD08B5A7
S315000031800120FFF70DFD08BD08B50220FFF708FD79
S3150000319008BD08B50320FFF703FD08BD08B50420E8
S315000031A0FFF7FEFC08BD08B50520FFF7F9FC08BDD2
S315000031B008B50620FFF7F4FC08BD08B50720FFF7A1
S315000031C0EFFC08BD08B50820FFF7EAFC08BD08B506
S315000031D00920FFF7E5FC08BD08B50A20FFF7E0FC6B
S315000031E008BD08B50B20FFF7DBFC08BD08B50C20B1
S315000031F0FFF7D6FC08BD08B50D20FFF7D1FC08BDCA
S3150000320008B50E20FFF7CCFC08BD08B50F20FFF768
S31500003210C7FC08BD38B50020FFF7F8FEC56A0024D4
S3150000322004E06D080134E4B2102C06D015F0010F4D
S31500003230F7D02046FFF7C4FCF3E738BD09B900BE56
S31500003240FEE710B40A46436823F007031B041B0C71
S3150000325043604168136803F00703D46843EA0463D4
S315000032600B439168090401F4E0210B435168C9043A
S3150000327001F460110B431269920502F440021343F4
S3150000328043605DF8044B704709B900BEFEE710B411
S315000032900A46036D03F000430365046D0B689B0249
S315000032A09BB2896801F01F0121430B435168490114
S315000032B001F478710B43D468064901EA44510B4383
S315000032C01269120402F4F812134303655DF8044B05
S315000032D0704700BF0000E07F09B900BEFEE710B4EA
S315000032E00A46D0F8041C114B0B40C0F8043CD0F839
S315000032F0044C13689B0203F4F843916801F007013C
S3150000330021430B4351684901C9B20B43D4680849AC
S3150000331001EA04510B431269120402F4E02213433A
S31500003320C0F8043C5DF8044B704700BF188308C022
S315000033300000F03F0368C3F30123012B06D04BB115
S31500003340022B09D0032B03D000BEFEE701207047F5
S31500003350032070470020704702207047022801D9D9
S3150000336000BEFEE70AB900BEFEE72DE9F04186B0D1
S31500003370984614460E46254B53F82050244B53F8D6
S315000033802070384600F0A4FD864239D205EBC6050A
S315000033906B79002B37D106F01F02012393401F2EB5
S315000033A098BF3B6302236B719DF83430AB71E37AAF
S315000033B0EB716368049323788DF80C30237A8DF8CB
S315000033C01430637A8DF81530A37A8DF81630E37AC7
S315000033D09BB11C230293002301930C9B009343464D
S315000033E002AA3146384600F0B1FF034608B1002272
S315000033F06A71184606B0BDE8F0810C230293EAE72D
S315000034004FF44073F5E70223F3E700BF2C000020DA
S31500003410E8100100022801D900BEFEE72DE9F843B5
S315000034201E4617460C461B4B53F820501A4B53F8B2
S315000034302080284600F04CFD844222D22B6813F0EF
S31500003440005F06D0696BC1F30361490007318C4206
S315000034501AD908EBC40999F80530C3B9012289F8CD
S31500003460052048F8347089F806602146284600F0A1
S31500003470C5FD034610B1002289F805201846BDE8AF
S31500003480F8834FF44073F9E74FF44073F6E70223ED
S31500003490F4E700BFE81001002C000020022801D943
S315000034A000BEFEE770B50646294B53F8204094F857
S315000034B01131D3B16379DBB2032B28D0256894F898
S315000034C01001FFF701FD2B6813F4001F02D16A6893
S315000034D0920C6A60C3F3034385F84830AB681BBAA5
S315000034E0AB60EB681BBAEB6011E01A4B53F8205047
S315000034F000220521284600F081FD002206212846EB
S3150000350000F07CFD00220721284600F077FD00230D
S3150000351023606379DBB2032B08D000236371D4F8F0
S3150000352000511DB194F81131012B04D0A3790BB1D0
S31500003530637933B170BD2346002208213046A8477F
S31500003540F4E7201D03F086FC0028F3D000BEFEE75A
S315000035502C000020E8100100022801D900BEFEE779
S3150000356070B50C46094B53F820600022084B53F8FF
S31500003570200000F043FDE4003519AB791BB104349B
S31500003580301903F067FC00236B7170BD2C0000201E
S31500003590E8100100022801D900BEFEE770B50E460C
S315000035A00D4B53F82040256815F0807506D04EB9AE
S315000035B0236823F4803323604DB170BD204600F0AC
S315000035C03CFDF4E7236843F480332360F4E72046A8
S315000035D000F026FDF1E700BFE8100100022801D93E
S315000035E000BEFEE72DE9F8431E46174688464B4BBC
S315000035F053F820502B6813F080790AD014462B68B4
S3150000360003F07F039A4240F282804FF44070BDE897
S31500003610F883284600F011FD3C462B6803F07F0333
S315000036209F425BD9284600F0FBFC4FF44070BDE892
S31500003630F883B8F1010F61D126F0604604F50874ED
S3150000364045F824605AE06B6BDB0D03F01E0307336D
S315000036509F422BD82846FFF76DFE074632460146A5
S31500003660404600F005FC012F0ED047B1022F12D0C4
S3150000367004F508744FF0FF3345F824303EE004F5B6
S31500003680087445F8240039E040EA104004F508744F
S3150000369045F8240032E0030C43EA1063034343EA8F
S315000036A0102004F5087445F8240027E0B8F1000F4F
S315000036B007D11B4B03EA864604F5087445F82460D7
S315000036C01CE0B8F1010F19D126F0604604F5087424
S315000036D045F8246012E00020BDE8F8831F2FA1D82A
S315000036E02B6813F0005FAED1B8F1000FA1D10C4BDF
S315000036F003EA864604F5087445F82460B9F1000F1C
S31500003700E9D1284600F08CFC0020BDE8F8831F2A8A
S31500003710E6D94FF44070BDE8F88300BFE810010019
S315000037200000FC1F022801D900BEFEE709B900BE51
S31500003730FEE79A4B53F820300BB100BEFEE72DE9A9
S31500003740F04786B015460F460646954B53F820407F
S315000037502368002B05DB204600F06FFC204600F0B6
S31500003760E2FB62686B7A5B0303F4005322F40052B7
S3150000377013436360204600F0C1FB204600F05DFC69
S31500003780204600F0DDFB874B9B5D002B00F0D080D0
S31500003790236823F400632A7A002A40F0F580236028
S315000037A0236D23F00043002213432365D4F8003C25
S315000037B023F41F43C4F8003C23682A7AC3F3C023CA
S315000037C09A4240F0DB80636B23F48053002A14BFD7
S315000037D04FF48052002213436363AB79022B03D06C
S315000037E0236843F4003323606B793BB12979204683
S315000037F000F0DAFB0346002840F0BC8095F8343030
S31500003800012B08D1236813F0005F00F0B98023680C
S3150000381043F40043236095F834301BB9236823F43E
S3150000382000432360E979204600F0E3FC296820463E
S3150000383000F0B1FE0346002840F09C80236813F494
S31500003840006F7BD00DF1040C05F10C0EBEE80F00E5
S31500003850ACE80F00DEF80030CCF8003001A92046B5
S31500003860FFF712FD0DF1040C05F1200EBEE80F0066
S31500003870ACE80F00DEF80030CCF8003001A9204695
S31500003880FFF72AFDA979204600F068FCAB79032BE7
S3150000389002D0204600F0C4FB434B985710F1800F2E
S315000038A001D0FFF71FF8414B9857FFF71BF8404B25
S315000038B09857FFF717F83F4B985710F1800F01D034
S315000038C0FFF710F83B4B334493F9030010F1800FD8
S315000038D001D0FFF707F807F10409C8460024A246FD
S315000038E05146404603F0CCFA0346C0BB88F802A016
S315000038F048F804AC07EBC40282F805A0013408F1CD
S315000039000808202CECD195F8342087F8112195F879
S31500003910352087F810210022C7F80021C7F80421B6
S31500003920C7F80821C7F80C211C4A42F8267021E086
S315000039302B7A002B3FF451AF01231BE00DF1040C51
S3150000394005F10C0EBEE80F00ACE80F00DEF8003003
S31500003950CCF8003001A92046FFF770FC92E78CB145
S315000039600025484603F099FA013509F10809A542F0
S31500003970F7D10123184606B0BDE8F0870123F9E721
S315000039800123F7E70123F5E743F400632360236D82
S3150000399023F000434FF0004206E700BF2C00002052
S315000039A0E8100100E410010004110100F810010004
S315000039B0F4100100FC100100022801D900BEFEE748
S315000039C00AB900BEFEE72DE9F04182B098461746D7
S315000039D00C4605460F4B53F82060304600F0F2FBCC
S315000039E0A8B900230193089B009343463A46214613
S315000039F02846FFF7B3FC034628B901222146304684
S31500003A0000F0FCFA0346184602B0BDE8F0814FF418
S31500003A104073F8E7E8100100022801D900BEFEE76E
S31500003A200AB900BEFEE7F0B585B01F4616460C463D
S31500003A301F4B53F82050284600F0C4FBA8BB736800
S31500003A40029333788DF80430337A8DF80C3004F015
S31500003A501F0301269E401F2C98BF2E6304AA0F2326
S31500003A6042F8103D3B462146284600F003FC03463B
S31500003A70C0B904AA002342F8103D3B462146284619
S31500003A8000F0F8FB034668B904AA042342F8103D87
S31500003A903B462146284600F0EDFB034610B91F2C95
S31500003AA000D82E63184605B0F0BD4FF44073F9E711
S31500003AB0E8100100022801D900BEFEE770B51646DF
S31500003AC00D460446074B53F8200000F07BFB30B947
S31500003AD00023324629462046FFF79CFC70BD4FF472
S31500003AE0407070BDE8100100022801D900BEFEE753
S31500003AF010B5074B53F82040064B53F82020D2F858
S31500003B0008310BB10A219847204600F0F1FA10BDA2
S31500003B10E81001002C000020022801D900BEFEE7B3
S31500003B202DE9F04395B08C4B53F820508B4B53F84E
S31500003B302060AB6A2A6B134003F00103002463B9CB
S31500003B400134202C00F0B280AB6A2A6B134004F0DB
S31500003B501F02D34003F00103F1E7002B00F0A6801B
S31500003B6007462B6813F0005F79D0072C77D8052C11
S31500003B7021D17379DBB2012B2AD13168284600F0B6
S31500003B80C1FA20232B6300237371D6F80081B8F1A4
S31500003B90000F04D03346002201213846C04773790E
S31500003BA013B93846FFF77AFC06EBC4035B79DBB240
S31500003BB0022B65D112E0062C43D140232B63D6F8A5
S31500003BC00081B8F1000F03D0334600220221C0471E
S31500003BD006EBC4035B79DBB2022B51D106EBC408BA
S31500003BE098F80730002B00F0A3802146284600F005
S31500003BF0A7FB01AA2146284600F084FCAB689DF885
S31500003C00073003F00F03042B06D104F01F02012333
S31500003C1093401F2C00D82B63002388F80530D6F874
S31500003C200091B9F1000F04D03346224604213846EC
S31500003C30C84798F805300BBB21463846FFF78CFC81
S31500003C401CE0072C14D180232B63D6F80081B8F131
S31500003C50000FBDD0334600220321C047B8E74FEA24
S31500003C60C40906EB090898F80530DBB2012B20D011
S31500003C7006EBC4035B79DBB2022BAFD01F2C15D841
S31500003C80AB6A296B04F01F020B40D34013F0010FFF
S31500003C900CD02B6813F0005F52D0072C50D87379E4
S31500003CA023B9012393401F2C00D82B6315B0BDE820
S31500003CB0F0832146284600F043FB56F8342021467F
S31500003CC0284600F01FFC04F01F02012393401F2C1E
S31500003CD098BF2B632B6813F0005F27D056F8093086
S31500003CE0DB7813F00F0F21D12146284600F0A9FA00
S31500003CF0036823F070630360036843F08063036026
S31500003D00002388F80530D6F80091B9F1000F04D0E9
S31500003D103346224600213846C84798F80530002B1E
S31500003D20A6D121463846FFF717FCA1E7AB68E7E7BF
S31500003D3004F01F02012393401F2C98BF2B636BE7EF
S31500003D4006EBC4067379002BB0D1012393401F2CD8
S31500003D50ACD82B63AAE700BFE81001002C000020B6
S31500003D60022801D900BEFEE710B5074B53F82040E4
S31500003D70064B53F82020D2F808310BB10A21984798
S31500003D80204600F0A9F910BDE81001002C00002023
S31500003D90022801D900BEFEE7F8B5184B53F82050AB
S31500003DA0174B53F820602B6813F4804F25D0044638
S31500003DB0D5F8083B13F4003F0CD0D5F8083B43F484
S31500003DC00033C5F8083BD6F800711FB13346002210
S31500003DD00521B847D5F8083B13F4803F0DD0D5F838
S31500003DE0083B43F48033C5F8083BD6F8005125B1AB
S31500003DF03346002206212046A847F8BDE8100100F8
S31500003E002C000020022801D900BEFEE7074B53F81C
S31500003E10203003EBC1035A7932B15B79DBB2032B55
S31500003E200CBF012002207047002070472C000020A4
S31500003E3008281BD90C2812D006D80A280BD00CD873
S31500003E40092812D10C2070470E280CD009D30F2850
S31500003E500BD140207047102070471420704718205F
S31500003E6070472020704730207047002070470000C0
S31500003E70012914D021B1022920D000231846704709
S31500003E8002F0404330B10128F8D1520022F04042FE
S31500003E901343F3E70C4901EAC2421343EEE702F08B
S31500003EA0404330B10128E9D1084901EA02421343EF
S31500003EB0E4E7054901EAC2421343DFE7012801D9D5
S31500003EC00023DBE71306D9E70000F83F0000FF3FB9
S31500003ED00346084A904209D002F58052904207D024
S31500003EE00020054A934208BF102070472020F8E7BB
S31500003EF0102070470040024000B00240036813F4EF
S31500003F00801F0FD0036823F000430360036823F08B
S31500003F1080430360036823F080530360036813F053
S31500003F20006FFBD170470368002B07DB036843F083
S31500003F3000430360036813F4801FFBD07047000042
S31500003F4070B50446036843F000730360236813F0FA
S31500003F50007FFBD1236843F4805323602046FFF79C
S31500003F60B7FF04F18001860007D00B4601EB8601FE
S31500003F70002543F8045B8B42FBD104F5086230B19F
S31500003F8013463244002143F8041B9A42FBD14FF0FA
S31500003F90FF3323616361A3610022A2622363014BA5
S31500003FA0236270BD06003B0038B504460D46FFF798
S31500003FB08FFF0146236803F40063002B14BF012022
S31500003FC000201AD1236843F000532360626B2B064E
S31500003FD003F0706322F07062134363634FF0FF33A4
S31500003FE0A36489B249B100236FF0604503F50872F6
S31500003FF044F8225001338B42F8D138BD1F2909D825
S3150000400001F01F01012303FA01F12AB9836A23EAA9
S315000040100101816200207047836A19438162F9E7D2
S31500004020036823F080530360036823F08043036032
S31500004030036813F0807FFBD1704710B4036843F028
S3150000404080430360036843F0805303600368002BDA
S3150000405015DB012400238360036813F4006F14D07A
S31500004060036813F0807F08BF40F2D92118D1826817
S31500004070036813F0807F13D18A42F8D910E00368F1
S3150000408023F0004303600024E4E7036813F0807F15
S3150000409006D18268036813F0807F01D1B32AF8D96C
S315000040A0036813F0807F0BD1816A0268036843F0CE
S315000040B000730360036813F0007FFBD18162026026
S315000040C03CB9036843F000430360036813F4801FA0
S315000040D0FBD05DF8044B7047026A034B134013B1E3
S315000040E0024B0362036A704706003B000200300081
S315000040F0026A034B134013B1014B0362036A704714
S3150000410004000B0009B900BEFEE770B50D46044673
S31500004110D0F88000C0F30340FFF78AFE85F8480018
S31500004120D4F880302B6013F4001F05D0D4F8843007
S315000041306B60064628B970BDD4F884309B0C6B6062
S31500004140F7E70023883499088A0054F8211009BA41
S315000041502A4491600433B342F5D370BD08B50229F1
S3150000416023D008D8A1B1012904D1436843F008033C
S31500004170436008BD08BD032907D0042904D103689C
S3150000418043F00043036008BD08BDFFF756FF08BDB6
S31500004190036823F400030360436823F008034360C5
S315000041A0436823F48053436008BD436843F4805357
S315000041B04360436823F008034360036823F4003335
S315000041C0036008BD036803F07F038B420DD30368C9
S315000041D013F0005F0BD0406BC0F303604000073064
S315000041E081428CBF002001207047012070470020CB
S315000041F07047036813F4006F06BFB1FA81F35B09D9
S3150000420001230BB900BEFEE7036813F4006F07D065
S31500004210D0F8003C23F4403343EA0143C0F8003CA5
S315000042207047036813F4006F09D0D0F8000CC0F390
S3150000423001400330012303FA00F0C0B270470820A2
S31500004240FBE738B504460D46FFF7EBFF0830C0B272
S315000042504FF40073B3FBF0F3DBB2B5FBF3F203FBF1
S3150000426012538008D20100FB0320203004EB8000AB
S3150000427038BD00000AB900BEFEE7F8B515461F4670
S315000042800E460446FFF7DDFF236803F07F039E42D8
S315000042904CD8236813F0005F06D0636BC3F3036347
S315000042A05B0007339E423ED90023036043602B79AF
S315000042B0012B10D1036843F400130360036823F451
S315000042C080030360436803F060434360426827F05D
S315000042D06043134343602B797BB9036823F4C0031F
S315000042E00360436823F0FF5323F4E01343604268FE
S315000042F0124B03EA8743134343602B680F2B10D0FE
S31500004300036823F07063036002682B681B0603F0E2
S315000043107063134303600020F8BD636B4FF4407075
S31500004320F8BD0020F8BD4FF44070F8BD236813F0C7
S31500004330005FF2D14FF44070F8BD00BF0000FC1FD3
S3150000434008B5FFF77EFF036808BD00002DE9F84FAA
S315000043500A9E9DF82C700AB900BEFEE715469946DE
S315000043608B468046FFF76DFF044600F1080AD8F831
S31500004370003003F07F039B4500F2A880D8F8003098
S3150000438013F0005F40F0AC80D8F8003013F4006FF3
S3150000439007D0AB7B2BB1D8F8003C43F00043C8F8FC
S315000043A0003C95F808B04046FFF73BFF834507D928
S315000043B000BEFEE7D8F834304FF44070BDE8F88F01
S315000043C0D5F808B05FFA8BF3402B9ABF4B4AD05C06
S315000043D0FF2080465EB3FFF72BFD3BF003030DD0B5
S315000043E0002399088A00083256F8211009BAA1500C
S315000043F00433AA6822F003029A42F2D8AA689342CA
S315000044000AD21E4483F0030216F8011B0AF80210B2
S315000044100133AA689A42F5D80346824207D282F04F
S315000044200301687B0AF8010001329A42F7D10023A2
S31500004430236063602B79012B39D1636803F06043F5
S315000044406360626829F06043134363604FF40013AE
S315000044502A7962B9636823F0FF5323F4E01363609B
S315000044606268274B03EA89431343636000234FEADC
S31500004470084202F4702213432A680F2A23D01C2A0A
S3150000448017D143F4801323F07063297BB1B1120670
S3150000449002F0706242F000421343AA7B0AB143F075
S315000044A080432268134323600020BDE8F88F002371
S315000044B0CEE7002FE7D043F48013E4E7120602F0BC
S315000044C070621343E9E70020BDE8F88FD8F80030A2
S315000044D013F0005F7FF46EAF4FF44070BDE8F88FC5
S315000044E0D8F83430C3F303635B0007339B453FF6CC
S315000044F04BAF4FF44070BDE8F88F00BF08110100C4
S315000045000000FC1F0AB900BEFEE72DE9F041144683
S315000045100746FFF796FE064604F108080068C0F352
S315000045200340FFF785FC05463846FFF77AFE8542CD
S3150000453003D93846FFF775FE054684F848503368B8
S31500004540236013F4001F22D07368636035F0030004
S3150000455008BF00230BD0002399088A000832B258FE
S3150000456012BA48F821200433DBB28342F4D39D42C9
S315000045700BD9DA1D144483F003020832B25C04F846
S31500004580012F0133DBB29D42F5D1BDE8F08173689E
S315000045909B0C6360DAE709B900BEFEE72DE9F84334
S315000045A00D460446FFF73DFE064605F1FF38414637
S315000045B02046FFF746FE37468319083304F5207276
S315000045C0934232D82046FFF783FC854231D82368D0
S315000045D023F07F0308F07F0843EA0803236021687D
S315000045E011F0005102D00020BDE8F8832DB300265B
S315000045F0B04607F1080904E00136F6B23146B54285
S3150000460010D92046FFF71DFEC0F80080C0F80480D0
S31500004610002FF1D000F10803484403F8018B9842BB
S31500004620FBD1E9E70020BDE8F8834FF44070BDE810
S31500004630F8834FF44070BDE8F8830020BDE8F883A6
S3150000464008B50020FFF750FA08BD08B50020FFF7AF
S3150000465087FB08BD08B50020FFF79AFB08BD08B523
S315000046600020FFF759FA08BD08B50020FFF754FAF5
S3150000467008BD08B50120FFF737FA08BD08B50120C7
S31500004680FFF76EFB08BD08B50120FFF745FA08BD28
S3150000469008B50220FFF728FA08BD08B50220FFF783
S315000046A05FFB08BD08B50220FFF736FA08BD00001B
S315000046B0032801D900BEFEE709B900BEFEE76D4B2F
S315000046C053F820304A78002A40F090808A78002AF1
S315000046D040F0A180CA7802F001020878002800F0B4
S315000046E0C580002A40F09380D3F88C2042F4806283
S315000046F0C3F88C20D3F88C2042F40062C3F88C20D7
S31500004700D3F88C2042F48052C3F88C20D3F88C2046
S3150000471042F40072C3F88C20D3F88C00CA7A1202D5
S3150000472002F4807220F480700243C3F88C20D3F820
S315000047308C2042F08002C3F88C204A78002A57D099
S315000047409A6D42F010029A658A78002A55D09A6DC1
S3150000475042F020029A65CA78002A53D09A6D42F038
S3150000476040029A65986D0A79520002F0020220F022
S31500004770020002439A659A6D22F0010248790243CB
S315000047809A659A6D087A003018BF012022F0080257
S3150000479042EAC0029A65D3F88C008A79120102F0C7
S315000047A0100220F010000243C3F88C20D3F88C00CE
S315000047B0CA79520102F0200220F020000243C3F819
S315000047C08C20D3F88C004A7A920002F0040220F082
S315000047D004000243C3F88C20D3F88C2022F0010297
S315000047E0897A0A43C3F88C2000207047012272E7B9
S315000047F09A6D22F010029A65A6E79A6D22F02002C1
S315000048009A65A8E79A6D22F040029A65AAE7012008
S315000048107047012070470A78002AFAD1002A7FF4EF
S3150000482063AFD3F88C2042F48022C3F88C20D3F8EF
S315000048308C2042F40022C3F88C20D3F88C2042F45A
S315000048408012C3F88C20D3F88C2042F40032C3F8CF
S315000048508C20D3F88C20C87A003018BF012022F4AF
S31500004860803242EA0042C3F88C2060E7002AD8D1A1
S31500004870012070474C110100032801D900BEFEE754
S3150000488030B4244B53F82030C8B211F4007F04D062
S315000048901A6822F400721A601A6811F4807F10D028
S315000048A05A6F22F081025A675A6F22F082025A67C3
S315000048B05A6F22F084025A675A6F22F088025A67AA
S315000048C05A6F11F4806F04D01A6822F080021A60C1
S315000048D01A6811F4006F03D0DA6E22F08002DA66ED
S315000048E00022012405E000BEFEE740080132082A46
S315000048F00DD010F0010FF8D0D1B20729F3D8196DF9
S3150000490004FA02F521EA05011965196DEDE730BCD7
S31500004910704700BF4C110100032801D900BEFEE715
S3150000492010B582B0184B53F8203000220192174A76
S3150000493052F820200AB900BEFEE71B6803F0070301
S3150000494001249C401378022B10D0032B06D0012B98
S3150000495011D101A90020FDF7C1FF04E001A90C4B0C
S31500004960185CFDF7BBFF40B100BEFEE701A91A20A7
S31500004970FDF7B4FFF7E70020F5E7E4B20198B0FBD6
S31500004980F4F002B010BD00BF4C1101003800002049
S315000049905C110100032801D900BEFEE709B900BE7B
S315000049A0FEE70AB900BEFEE7F8B58C7B631EDBB2F4
S315000049B0022B01D900BEFEE7354B53F82050354B8C
S315000049C053F82030002B35D1147053709380314B3F
S315000049D043F8202002F10C0402F11C0702F15C0EE0
S315000049E002F13C0C3E46002324F8023B46F8043B09
S315000049F04CF8043B0EF8013BBC42F5D114460F4679
S31500004A000646284600F080F8797B284600F070F8C4
S31500004A103046FFF781FFA06070B900BEFEE70024B4
S31500004A2016E02B6823F480732B601B4B9857FDF719
S31500004A306DFF2BE0012429E03A7B931EDBB2022BAB
S31500004A4001D9082AEBD139463046FFF731FE044634
S31500004A50EA6E7B7C9B0103F0400322F04002134385
S31500004A60EB66D5F88420FB7B9B01DBB222F0C0020B
S31500004A701343C5F884303B7C002BD2D02B6843F41B
S31500004A8080732B60044B9857FDF72CFF2046F8BD2A
S31500004A904C1101003800002080110100032801D9C3
S31500004AA000BEFEE709B900BEFEE7044B53F820300E
S31500004AB09868B0FBF1F080B2704700BF3800002064
S31500004AC00B46032801D900BEFEE7084A52F820101B
S31500004AD04A68120C12044A608A6DDB01DBB222F0CE
S31500004AE0800213438B650020704700BF4C11010004
S31500004AF0436D43F001034365036823F0070301F0A8
S31500004B0007010B430360704710B4436F00234367EC
S31500004B10042242650268036043608360C364026DD9
S31500004B2003658365C365036643668366C26EC366B3
S31500004B3003678367C367C0F88030C0F88430C0F865
S31500004B408830C0F88C30C0F89030C0F89430C0F887
S31500004B509830C0F89C30194600EBC302D468D16087
S31500004B6011610133082BF7D15DF8044B7047072913
S31500004B7001D900BEFEE701290DD9052999BF0239E1
S31500004B80012306394FF480738B403AB9C26E22EA8C
S31500004B900303C366704710238B40F6E7C26E1343C8
S31500004BA0C3667047032901D900BEFEE701290DD06F
S31500004BB021B1022912D0032919D07047836F23F03F
S31500004BC00F0302F00F021A4382677047816F1301C9
S31500004BD0DBB221F0F002134383677047816F130243
S31500004BE003F4706321F47062134383677047816F27
S31500004BF013039BB221F4704213438367704700008E
S31500004C00F8B5474B53F820406378012B02D0082BA8
S31500004C1000D0F8BD032801D900BEFEE703298CBFEA
S31500004C20002201220AB900BEFEE73E4B53F82000DF
S31500004C304B00DBB20AB900BEFEE7456EC90004228E
S31500004C4002FA01F1294248D0072B8CBF4FF0000C25
S31500004C504FF0010CBCF1000F01D100BEFEE700EBE6
S31500004C60C30632691FFA82FE591CC9B207298CBFD6
S31500004C70002701270FB900BEFEE700EBC1010A6954
S31500004C8092B2964504EB4305A2EB0E0224BFB4F89C
S31500004C9002E07244AA81BCF1000F01D100BEFEE71A
S31500004CA0F26822F08002F260F2680FB900BEFEE7F9
S31500004CB0CA6822F08002CA60CA688268628004EB11
S31500004CC08301CA6B002AA4D0234493F85C30002BDE
S31500004CD09FD0C969002090479BE7072B01D900BEEA
S31500004CE0FEE75A1C00EBC202526812F0800F04BFA6
S31500004CF00133DBB2072B8CBF0021012109B900BEAD
S31500004D00FEE700EBC302166904EB4305AE8109B961
S31500004D1000BEFEE7D16821F08001D160D268CCE701
S31500004D20380000204C110100032801D900BEFEE71F
S31500004D3009B900BEFEE74B880BB900BEFEE72DE9B8
S31500004D40F04F83B0A44B53F82050A44B53F8207077
S31500004D50002F00F06A817B784BB1032B27D0082BFC
S31500004D6025D04FF00108404603B0BDE8F08F2B6810
S31500004D7023F018032B60EB6C1B0C1B04EB64AB6875
S31500004D801B0C1B044A881343AB602B6823F02003DB
S31500004D902B60AB687B800B78002B00F094810E466D
S31500004DA001904FF000098E4B03EBC00B51E0082336
S31500004DB07B70EEE7002221462846FFF7F3FE736874
S31500004DC053445A78002A6ED1B8F1030F63D86B6E3C
S31500004DD04FEAC808042202FA08F223EA02036B66C5
S31500004DE0072C8CBF00210121002956D005EBC403F6
S31500004DF0DA6822F01002DA60DA6822F02002DA605D
S31500004E00726852449278002949D0D3F80CC09000B9
S31500004E1000F004002CF0040C40EA0C00D860D868BE
S31500004E20920002F0080220F008000243DA6000292E
S31500004E3037D0DA6842F04002DA601BF90400FDF769
S31500004E4051FD09F101095FFA89F933784B4540F2C2
S31500004E503A814FEA091A736803EB0A0213F80A400B
S31500004E604FEA5408936807EB8402D361736853448E
S31500004E70DB68D3633B19012283F85C20032C9ED8A0
S31500004E80736853449A79002A94D01A7921462846A1
S31500004E90FFF788FE93E700BEFEE700BEFEE700BE12
S31500004EA0FEE700BEFEE7012ACBD1D978D87914F007
S31500004EB0010F01D000BEFEE7474B019A53F822309E
S31500004EC0B8F1030F8CBF4FF0000C4FF0010CBCF192
S31500004ED0000F01D100BEFEE75A6E4FEAC8084FF038
S31500004EE0040E0EFA08FE4EEA02025A66BCF1000FE4
S31500004EF001D100BEFEE7D3F864C0082202FA08F228
S31500004F0042EA0C025A66B0B1072C01D900BEFEE790
S31500004F1003EBC402D06840F01000D060D06840F0C7
S31500004F202000D060032900F09380012931D1072C9D
S31500004F307ED900BEFEE7072C01D900BEFEE703EBD3
S31500004F40C402D06820F01000D060D06840F0200085
S31500004F50D060E7E703EBC202D16821F00401D1601B
S31500004F60D16841F00801D1604FF00008621CD2B24E
S31500004F70072A37D900BEFEE703EBC202D16841F02B
S31500004F800401D160D16821F00801D1604FF000081A
S31500004F90ECE7042900F0848002297DD04FF0010857
S31500004FA0E4E703EBC202D16841F00401D160D168A5
S31500004FB021F00801D1604FF00008D7E703EBC202E9
S31500004FC0D16821F00401D160D16841F00801D160B7
S31500004FD04FF00008CAE700BF4C110100380000205E
S31500004FE06011010003EBC203DA6842F04002DA60A6
S31500004FF01BF90400FDF776FCB8F1000F3FF421AF72
S315000050007B78082B7FF4AFAE03237B70ABE60123DE
S315000050107B702A683B78DB0003F0180322F0180245
S3150000502013432B604FF000089DE64FF001089AE607
S3150000503003EBC402D16841F00401D160D16821F0CC
S315000050400801D160621CD2B2072A95D900BEFEE7DC
S31500005050072C3FF66EAF03EBC402D16841F00401A2
S31500005060D160D16821F00801D160621CD2B2072A52
S315000050707FF670AF00BEFEE703EBC402D16821F0F5
S315000050800401D160D16841F00801D160621CD2B23E
S31500005090072A93D900BEFEE7072CEDD900BEFEE72E
S315000050A0072CFBD803EBC402D16821F00401D160C0
S315000050B0D16841F00801D160621CD2B2072A7FF69E
S315000050C070AF00BEFEE77B78002BA0D04FF0000843
S315000050D049E600BF032801D900BEFEE7072901D92A
S315000050E000BEFEE7044B53F820301BB103EB41032F
S315000050F098897047002070473800002008B50021C5
S315000051000846FFF77DFD08BD08B501210020FFF721
S3150000511077FD08BD08B502210020FFF771FD08BD27
S3150000512008B503210020FFF76BFD08BD08B5002177
S315000051300120FFF765FD08BD08B501210846FFF708
S315000051405FFD08BD08B502210120FFF759FD08BD26
S3150000515008B503210120FFF753FD08BD08B500215E
S315000051600220FFF74DFD08BD08B501210220FFF71B
S3150000517047FD08BD08B502210846FFF741FD08BDF9
S3150000518008B503210220FFF73BFD08BD08B5002145
S315000051900320FFF735FD08BD08B501210320FFF701
S315000051A02FFD08BD08B502210320FFF729FD08BD24
S315000051B008B503210846FFF723FD08BD2DE9F04792
S315000051C0BDF820C0032801D900BEFEE707298CBF21
S315000051D04FF0000E4FF0010EBEF1000F01D100BEE0
S315000051E0FEE74C08544D55F82060544D55F8207094
S315000051F0B568ADB27878042824D16D00ADB2002030
S3150000520052BBB3F5004F00F28D80BCF5004F00F2A3
S315000052108C8005FB03F2C2F3CF3205FB0CFCCCF30A
S31500005220CF3CB3F5004F1ED1531C9BB2C8B9032C1B
S315000052308CBF4FF000094FF00109B9F1000F14D1EE
S3150000524000BEFEE7032801D0082803D10135ADB220
S315000052500020D5E70120D3E79D4269D36545E5D215
S315000052600120BDE8F0871346E0E7D6F864A04FEAD0
S31500005270C408012202FA08F212EA0A0F39D0B9F17B
S31500005280000F01D100BEFEE7716E802202FA08F21D
S315000052900A4213D0326812F0180F08D16200072AAA
S315000052A001D900BEFEE7013206EBC202936063003D
S315000052B00133DBB2072B0BD900BEFEE76200072ADB
S315000052C001D900BEFEE7013206EBC2029360EEE7AB
S315000052D0013306EBC303C3F808C0B26D9DF8243052
S315000052E0DB01DBB222F080021343B365BD80BDE86B
S315000052F0F087326812F0200F0AD05B08BEF1000F6B
S3150000530001D100BEFEE74A1C06EBC2029360E4E749
S31500005310BEF1000F01D100BEFEE74A1C06EBC20239
S315000053209360DAE70120BDE8F0870120BDE8F08749
S315000053300120BDE8F08700BF4C11010038000020B5
S31500005340032801D900BEFEE709B900BEFEE72DE934
S31500005350F04F85B0AB4B53F82080AB4B53F8204051
S31500005360B8F1000F00F0FF8398F80130002B40F0F1
S31500005370FC830D460290236823F0180323602368FC
S3150000538023F4007323602368636D43F004036365AD
S315000053908B7888F801300B78002B00F05681CB68AB
S315000053A01E7871085B79072E8CBF0020012008B992
S315000053B000BEFEE70027BA464FF001094FF0020B88
S315000053C0DFE0226F09FA06F313432367E2E008B928
S315000053D000BEFEE704EBC603DA6842F00402DA60B8
S315000053E0DA6822F00802DA60E8E000BEFEE7A3B160
S315000053F0626ECB004FF0100C0CFA03F31343636696
S31500005400731CDBB2072B8CBF4FF0000C4FF0010C66
S31500005410BCF1000F0BD100BEFEE7636ECA004FF071
S31500005420100C0CFA02F223EA02036366E8E704EBC7
S31500005430C302D2F80CE02EF0040EC2F80CE0D2F84B
S315000054400CE04EF0080EC2F80CE0032901D900BEAC
S31500005450FEE7D4F864E0CA000BFA02F242EA0E0252
S315000054606266EA683A4492F807E0BEF1010F40F03E
S31500005470B5805279BCF1000F01D100BEFEE7002ACB
S3150000548040F0A680226F09FA03F322EA030323679A
S3150000549003298CBF00230123002B00F0C380626E1A
S315000054A0C9004FF0040C0CFA01FC22EA0C026266F9
S315000054B0002B00F0B980626E09FA01FC22EA0C02A8
S315000054C06266002B00F0B280626E4FF0800C0CFA20
S315000054D001FC22EA0C026266002800F0A98004EBB7
S315000054E0C602D06840F01000D060D06840F02000BE
S315000054F0D0606A69D278002B00F09C80002A00F008
S315000055009B80606E40228A4002436266002B00F058
S315000055109A80626E202303FA01F10A436266EB6801
S315000055203B441A7931462046FFF721FB226806F1F3
S31500005530100309FA03F313432360EB683B449B799A
S315000055403BB12268731CDBB2103309FA03F3134331
S3150000555023600AF1010A5FFA8AFA2B78534574D957
S315000055600AEB8A014B001F46EA68134412F81160E1
S3150000557071085B79072E8CBF0020012000283FF4BC
S3150000558017AF002B7FF41DAF236F09FA06F223EA4B
S3150000559002032367EB683B445A795B789A423FF4EF
S315000055A016AF00283FF421AF04EBC603DA6822F0F9
S315000055B00402DA60DA6842F00802DA60EB683B441B
S315000055C09A791AB31B7A07297FF611AF00BEFEE758
S315000055D0226F09FA03F31343236759E75279BCF1A3
S315000055E0000F01D100BEFEE732B1226F09FA03F3C4
S315000055F022EA030323674BE7226F09FA03F31343F7
S31500005600236745E7380000204C110100032901D922
S3150000561000BEFEE7636ECA000BFA02F223EA02033B
S31500005620636635E700BEFEE700BEFEE700BEFEE7A6
S3150000563000BEFEE700BEFEE7626E4020884022EA1A
S315000056400002626662E700BEFEE79D4B029A53F8CF
S3150000565022606B78002B00F07A812B691A784FEA6A
S31500005660520C12F0010F11D15B7B072A8CBF002070
S31500005670012020BB00BEFEE7039B1F012B69D91941
S31500005680DA5D4FEA520C12F0010F01D000BEFEE7C0
S315000056904B7B072A8CBF002001200028EAD09BB94B
S315000056A0336F09FA02F123EA010333672B693B449E
S315000056B0597B1B7A99421FD160B900BEFEE70027CD
S315000056C003974FF00109EAE7316F09FA02F30B433A
S315000056D03367EBE706EBC203D96841F00401D960F2
S315000056E0D96821F00801D960BCF1030F8CBF0021F5
S315000056F0012179B900BEFEE708B900BEFEE706EB58
S31500005700C203D96821F00401D960D96841F00801C3
S31500005710D960E9E7D6F864E04FEACC034FF0040A13
S315000057200AFA03FA2EEA0A0EC6F864E008B900BEC1
S31500005730FEE706EBC200D0F80CE04EF0100EC0F803
S315000057400CE0D0F80CE04EF0200EC0F80CE0D6F8D5
S3150000575000E002F1100009FA00F040EA0E003060A5
S315000057602869384490F809E0BEF1000F58D002F1DC
S31500005770010E5FFA8EFE807BBEF1070F8CBF4FF0E5
S31500005780000A4FF0010ABAF1000F01D100BEFEE790
S3150000579050B9306F09FA0EFB20EA0B003067BAF1F8
S315000057A0000F09D100BEFEE7D6F870B009FA0EF078
S315000057B040EA0B003067F2E706EBCE00D0F80CA00B
S315000057C02AF0040AC0F80CA0D0F80CA04AF0080A87
S315000057D0C0F80CA02869384490F80EB090F80DA0D7
S315000057E0D3452ED190F80AA0BAF1000F1ED18079C8
S315000057F0012801D100BEFEE709B900BEFEE7706EC2
S315000058004FF0020A0AFA03FA20EA0A007066D6F88E
S3150000581000A00EF1100009FA00F040EA0A0030601C
S315000058206869C07800292DD100BEFEE709B900BE1F
S31500005830FEE7D6F864A00220984040EA0A007066A7
S31500005840E5E790F80AA0BAF1000F0AD109B900BE3F
S31500005850FEE7D6F864A00220984040EA0A00706687
S31500005860D5E78079012801D100BEFEE709B900BE5F
S31500005870FEE7706E4FF0020A0AFA03FA20EA0A00FF
S315000058807066C4E748B1D6F864E04020984040EA24
S315000058900E00706651B900BEFEE7706E4FF0400E06
S315000058A00EFA03FE20EA0E007066F3E7D6F864E00F
S315000058B02020984040EA0E00706619B900BEFEE747
S315000058C04C110100D6F864E009FA03F040EA0E0034
S315000058D0706628693844C07909B900BEFEE760B130
S315000058E0706E80219940014371662969394489792E
S315000058F0BCF1070F08D900BEFEE7716E8020984004
S3150000590021EA00017166F0E7002953D0706E10217C
S3150000591001FA03F30343736602F0FE0A2B693B4464
S31500005920DA7A51463046FFF722F92B693B440AF1F1
S3150000593001011A7BC9B23046FFF719F9039B0133FF
S31500005940DBB21A4603936B7893423FF695AE636DCE
S3150000595043F0020363656B69DA78002A7CD01B7812
S31500005960002B2FD0E36F43F40043E367E26F6B69CC
S315000059709B781B0203F4706322F470621343E3679F
S31500005980029B042B34BF4FF0040C4FF0020C04268C
S315000059900020012703466A6900EB40010A44127998
S315000059A0002A43D0C2B2032A8CBF0022012272B958
S315000059B000BEFEE7716E102000FA03F321EA03032E
S315000059C07366A9E7E36F23F40043E367CEE7E16F6D
S315000059D007FA00FE41EA0E01E167696900EB40093A
S315000059E0494449790AB900BEFEE771B1D4F87C9002
S315000059F007FA06F141EA0901E167696903EB430326
S31500005A000B449B7942B900BEFEE7E16F07FA06F93F
S31500005A1021EA0901E167F0E7012BD4F888300CBFD1
S31500005A2023EA0E0343EA0E03C4F888300130013638
S31500005A30C3B29C45AED86B695B781BB1636D43F00E
S31500005A4080036365626D6B69DB785B0103F060035D
S31500005A5022F06002134363652368AA78042A14BF00
S31500005A600022012223F0200343EA42132360A9689F
S31500005A700298FFF713F8A8F80400E36C1B0C1B044C
S31500005A80E364AB78042B3BD1A368B8F804201B0C65
S31500005A901B0443EA5203A3602B78002B67D0002631
S31500005AA0374606EB8601EA6802EB41035B8812F88B
S31500005AB01110019700973A460298FFF77FFB0136CF
S31500005AC0F6B22B78B342ECD86B7893B10026374602
S31500005AD03101286942185388415C019792880092E7
S31500005AE03A460298FFF76AFB0136F6B26B78B34284
S31500005AF0EED8002833D1EA783F2A0BD900BEFEE75C
S31500005B00A268B8F80430013B9BB2120C120413438E
S31500005B10A360C1E7A36E23F03F0302F03F021343E5
S31500005B20A366A26E2B799B01DBB222F0C00213435F
S31500005B30A366636D43F001036365636D43F0080379
S31500005B406365226898F80030DB0003F0180322F042
S31500005B50180213432360002005B0BDE8F08F002330
S31500005B6088F80130F8E70120F6E70120F4E76B78C2
S31500005B70002BABD1BFE700BF032801D900BEFEE76B
S31500005B80072901D900BEFEE70A4B53F8200042B1AF
S31500005B9002681031012303FA01F10A430260002072
S31500005BA0704703681031012202FA01F123EA01036A
S31500005BB00360F4E74C11010009B900BEFEE770B4BA
S31500005BC00C4608B900BEFEE7C56D466806F00F062E
S31500005BD00121B14089B205F00705A94204D903EBBA
S31500005BE00223036670BC7047A17A042901D900BE5E
S31500005BF0FEE76254621853710131A172F2E709B9E6
S31500005C0000BEFEE770B50C4608B900BEFEE71646B4
S31500005C10054691F82430EBB10B8CDB0903F0060343
S31500005C20103B03F0FE030422FFF7C6FF94F8203072
S31500005C30002221462846FFF7BFFF9EB1238CDB09D1
S31500005C4003F006030F3BDBB2042221462846FFF78A
S31500005C50B3FF70BD91F8203002EB4303DBB20422A0
S31500005C60FFF7AAFF70BD0B46003118BF012109B925
S31500005C7000BEFEE708B900BEFEE730B4C26D02F012
S31500005C800702456805F00F050124AC40A4B209B926
S31500005C9000BEFEE79D7AD97A8D4203D1996909B192
S31500005CA0A24201D330BC70475A69127802665A691B
S31500005CB001325A619A69013A9A61C26D02F007028D
S31500005CC0ECE70B4609B900BEFEE708B900BEFEE7E1
S31500005CD0D0F8182122F4706222F00702C0F81821C9
S31500005CE0CA7E3AB98A689AB1D0F81C2122F002021B
S31500005CF0C0F81C21D0F8102122F00102C0F81021B2
S31500005D0000229A701A619A60DA605A60DA757047F2
S31500005D10D0F81C2122F00102C0F81C21EAE709B9DB
S31500005D2000BEFEE7F8B50D4608B900BEFEE71F4601
S31500005D3016460446836923F4E05323F00303836184
S31500005D4091F827304BB991F82800FDF7BDF82B697B
S31500005D50CBB1E36923F00203E3613FB1236943F466
S31500005D6080732361236943F40073236116B14FF4F2
S31500005D700073236600236B61AB61EB602B6101232B
S31500005D8085F82230F8BDE36923F00103E361E4E717
S31500005D9038B50D461F4B53F82040A3698BB1012936
S31500005DA028D00023A3611C4B9A6D22F003029A654A
S31500005DB0DA6922F00102DA619A6942F001029A6117
S31500005DC038BD002394F8232021461348FFF7A7FF88
S31500005DD094F826304BB9012D17D00023A383E36A2C
S31500005DE0B3B1216B0420984738BD04F1250001F0BA
S31500005DF031F8F0E7002394F8232021460648FFF700
S31500005E008EFF94F82630002BEFD10123A383E6E71B
S31500005E1038BD00BF480000200060064008B900BE3B
S31500005E20FEE738B504460D46C37E13B9007FFDF77D
S31500005E304BF8637D4BB921462846FFF742FFA37E08
S31500005E401BB104F1190001F005F8236A13B1616A68
S31500005E500420984738BD000010B584B00C460B7C72
S31500005E60ABB90022134B13F810102078FDF748F851
S31500005E706178207800230393E2680292012201925E
S31500005E8000936368A268FCF7B5FF04B010BD00225A
S31500005E902C212078FDF734F86178207800230393CD
S31500005EA0E2680292012201920093A3686268FCF7FD
S31500005EB0A1FFEAE784110100F0B587B00546344B2F
S31500005EC053F8204094F828308DF80430A769002F45
S31500005ED03ED030494A6802F00F02886D20F0030078
S31500005EE0012606FA02F293B2BB4228BF3B46013BAB
S31500005EF003F0030303438B658DF80560264B02937D
S31500005F006369039300268DF81460A369049301A9BD
S31500005F102846FFF7A1FF01219DF80400FDF74AF886
S31500005F202A461E499DF80400FCF71EFE9DF8040053
S31500005F30FCF7AEFF324621461648FFF760FEA3691E
S31500005F40C3B1144AD36943F00103D36107B0F0BD6E
S31500005F50104A936D23F44033936500238DF8053082
S31500005F600F4B0293E368039301268DF814602369AF
S31500005F700493CCE72369013B064DDBB2012221469F
S31500005F802846FFF719FEEB6943F00203EB61DDE7F4
S31500005F90480000200060064060600640915D0000F9
S31500005FA07060064010B586B0214B53F820406368F8
S31500005FB033B3237F8DF8043001238DF805301D4B54
S31500005FC00293E368039300238DF814306368049307
S31500005FD001A9FFF741FF616849429DF80400FCF7FB
S31500005FE0CDFF9DF80400FCF753FF6368C3B1124A66
S31500005FF0D2F81C3143F00103C2F81C3106B010BDC3
S31500006000237F8DF8043000238DF805300B4B029367
S315000060102369039301238DF81430A3680493D7E70B
S31500006020054AD2F81C3143F00203C2F81C31E5E7F9
S315000060304C0000206061064000600640706106402A
S3150000604008B100BEFEE7F0B583B004464E4B53F8E8
S3150000605020300BB900BEFEE793F82230002B00F08B
S315000060608A8016460D4601A94420FCF737FC08B184
S3150000607000BEFEE7019B0BB900BEFEE743490A6975
S3150000608022F001020A61002E5BD05A1EF101B2FB1A
S31500006090F1F20132012A52D90121084600FA01F72C
S315000060A0BA4202D901310729F8D18E4003EB5603D3
S315000060B0B3FBF6F3802B28BF8023012B45D9023B87
S315000060C05A089B1A002A58D0032B38BF03235008BE
S315000060D01646022A38BF0226002808BF01202B4F89
S315000060E0D7F824C02CF0070C01F0070141EA0C0197
S315000060F07962B96C21F07C5C010601F07C5141EAC1
S315000061000C01B964B86C20F47C10310401F47C11E4
S315000061100143B964B96C21F47C51120202F47C5239
S315000061200A43BA64BA6C22F03F0203F03F031343FA
S31500006130BB64154B53F8241061B900BEFEE700217D
S31500006140B3E73F2307211A46BEE7032302260122AF
S315000061501046C4E70D4B5A6A22F0E0625A625A6A48
S3150000616022F400725A628D771A6942F001021A61AE
S31500006170002003B0F0BD0220FBE7032B38BF03234A
S31500006180022601221046AAE74800002000600640C9
S3150000619008B100BEFEE710B4054B53F820300BB92A
S315000061A000BEFEE7198483F824205DF8044B70478F
S315000061B048000020F0B583B0171C18BF01270FB99F
S315000061C000BEFEE7144609B900BEFEE708B100BEF0
S315000061D0FEE72C4B53F820300BB100BEFEE70D4610
S315000061E0064601A94420FCF779FB08B100BEFEE78C
S315000061F0019B0BB900BEFEE7224B43F82640002167
S31500006200E16021616161A161A183012384F82230EB
S315000062102B882384AB7884F824302B7A84F82730B3
S315000062206B7A84F82830EB68E3622B69236384F881
S3150000623026106B68A36384F8341004F1250000F07F
S315000062401FFE08B100BEFEE70FB900BEFEE700273D
S31500006250E772A7721820FCF745FB0B4C204600F0AE
S31500006260ADFB6A68E9783046FFF7EAFEAA78298826
S315000062703046FFF78DFF236943F00103236138465B
S3150000628003B0F0BD4800002000600640F8B5144B8E
S3150000629043F8201000234B618B61CB600B61012317
S315000062A081F8223009B900BEFEE70C4605460026F5
S315000062B0CE728E720B4F384600F080FBA26BA17F28
S315000062C02846FFF7BDFE94F82420218C2846FFF7C8
S315000062D05FFF3B6943F001033B613046F8BD00BFF9
S315000062E04800002000600640F8B505460F462C4BD6
S315000062F053F8204004F12506304600F05BFD0328E4
S3150000630009D1A3696BB10123002221462548FFF775
S3150000631006FD0323A383002384F82630A08B80B2D6
S31500006320F8BD94F827301BB994F82800FCF7CCFD8B
S315000063301C4B9A6922F002029A61DB6DC3F302419B
S3150000634022698A4207D132B90023A38384F8263012
S31500006350A08B80B2F8BD8A420CD9012284F8342081
S3150000636010498A6D22F4403203F4403313438B659F
S315000063700323A3830B4A936943F0020393613946CF
S31500006380304600F017FD032805D121462846FFF7C1
S315000063907DFF0323A383002384F83430BBE700BFCB
S315000063A0480000200060064008B100BEFEE738B590
S315000063B0054609B900BEFEE70AB900BEFEE71B485E
S315000063C050F825400CB900BEFEE794F8220058B3F9
S315000063D028466161A26184F82330002384F82230C4
S315000063E00223A38394F8273043B9114A936943F4EF
S315000063F0E0539361FFF760FD002038BD0C4D00228D
S3150000640021462846FFF7FBFB21462846FFF72BFCD3
S31500006410AB6D23F00303AB65AB6943F4E05343F084
S315000064200103AB61002038BD022038BD48000020C2
S315000064300060064008B100BEFEE7F8B5044609B99B
S3150000644000BEFEE70AB900BEFEE7104850F8240079
S3150000645008B900BEFEE790F82250A5B11F461646C1
S315000064600D46012380F826300021253000F0A2FCDD
S315000064703B46324629462046FFF796FF06992046B8
S31500006480FFF732FFF8BD0220F8BD00BF480000202C
S3150000649008B100BEFEE72DE9F041064609B900BE87
S315000064A0FEE70AB900BEFEE7B2F5807F01D900BE5D
S315000064B0FEE72F4850F82640251C18BF01250DB9C8
S315000064C000BEFEE794F8220000284DD0304616465E
S315000064D02261002284F8222084F82330E16002231E
S315000064E0A38394F827304BB9224A936943F4E053C7
S315000064F09361FFF7E1FC0020BDE8F081DFF87480CE
S31500006500012221464046FFF77AFBF7B27B1EDBB23B
S31500006510012221464046FFF74FFBD8F80420C2F37C
S315000065200322012393409BB29E4238BFBBB211495E
S315000065308A6D22F44032013B1B0403F440331343BB
S315000065408B650DB900BEFEE7A27AE37A9A42094A44
S31500006550936943F4E05314BF43F0030343F002038B
S3150000656093610020BDE8F0810220BDE8F08100BF04
S31500006570480000200060064008B100BEFEE7F8B5FE
S315000065800546954B53F82040261C18BF01260EB928
S3150000659000BEFEE7914B5B6913F0010F34D00EB9D4
S315000065A000BEFEE7E37AA27A9A4200F09C800EB91A
S315000065B000BEFEE7894AD16D01F00701506800F080
S315000065C00F000122824092B286B1914216D28348D0
S315000065D0E15C23445B7903EB01230366E37A013331
S315000065E0DBB2E372C16D01F007010EB900BEFEE732
S315000065F0A77A9F4200F0E6808A42E9D826B900BE13
S31500006600FEE70023E372A372744B5B6913F0020F7B
S3150000661011D094F83430002B00F08B8094F826309B
S315000066201BB104F1250000F015FC0323A3832146CA
S315000066302846FFF72BFE694B5B6913F4805F15D084
S3150000664066484FF4805343610123A3830022214609
S31500006650FFF765FB94F826301BB104F1250000F026
S31500006660F9FBE36A13B1216B042098475B4B5B6926
S3150000667013F4006F17D059484FF4006343610123A8
S3150000668000222146FFF74BFB94F826301BB104F19C
S31500006690250000F0DFFB40F20323A383E36A13B176
S315000066A0216B042098474D4B5B6913F4806F00F013
S315000066B0918094F826301BB104F1250000F0CAFB46
S315000066C04FF40073A3830123002221464348FFF7BA
S315000066D026FBE36A13B1216B042098474FF48062CE
S315000066E03E4B5A61F8BD6369EBB1A369B3B994F83F
S315000066F0232021463948FFF712FB94F826301BB1B8
S3150000670004F1250000F0A6FB0023A383E36A002B17
S315000067103FF47AAF216B0420984775E721462F484E
S31500006720FFF7A1FA70E72D4A936923F001039361FD
S315000067306AE7E368F3B1294BDB6D13F4E02F2CD045
S315000067402369CBB9002394F8232021462348FFF779
S31500006750E6FA94F826301BB104F1250000F07AFB26
S315000067600023A383E36A002B3FF465AF216B04206B
S31500006770984760E700BEFEE7184AE368116F197094
S31500006780E3680133E3602369013B2361D16D11F4B2
S31500006790E02F02D0002BF0D1D4E72369002BD1D013
S315000067A00E4A926DC2F3014293423FF644AF0B4943
S315000067B08A6D22F44032013B1B0403F44033134339
S315000067C08B6538E7002E3FF41AAF002E7FF419AF21
S315000067D000BEFEE7F8BD00BF48000020006006408E
S315000067E008B100BEFEE738B50546724B53F82040A7
S315000067F00CB900BEFEE7704BD3F8143113F0040F4A
S3150000680022D06D4BD3F8503113F0010F00F0A38066
S31500006810236A23B1627D12B1616A02209847E37E42
S31500006820012B06D1644AD2F8183143F00103C2F8AD
S31500006830183100232376E37E23B9637D13B12846FE
S31500006840FFF7B0FB022323805B4BD3F8143113F020
S31500006850010F1CD0584BD3F8183113F0010F16D086
S31500006860237E13B140F2012323806368002B40F09E
S315000068708780236A2BB1616A012098476368002BE1
S315000068807ED101232376FF224B4BC3F860214A4B6E
S31500006890D3F8143113F0020F16D0474BD3F8183142
S315000068A013F0020F10D0A368002B75D1236A2BB109
S315000068B0616A00209847A368002B6DD140F202233D
S315000068C023803D4BD3F870313B4BD3F81421C2F3F0
S315000068D04022D3F8143113F4807F0CD0E37D0133CA
S315000068E0DBB2E375012B07D1A37D2BB14FF4807189
S315000068F0314BC3F81411BAB12F4B4FF40072C3F8E1
S3150000690014214FF48072C3F81421D3F8182122F011
S315000069100102C3F818212388022B04BF0023238019
S3150000692025492046FFF77AFA234BD3F8143113F49E
S31500006930806F3DD0012323801F494FF48063C1F847
S315000069401431D1F8183123F00103C1F8183120466B
S31500006950FFF764FA38BD236A33B1627D002A3FF43B
S3150000696071AF616A03209847E37E002B7FF46AAF1C
S31500006970637D002B3FF466AF2846FFF713FB61E704
S31500006980E3681A780C4BC3F86021E3680133E360CF
S315000069906368013B63607AE72369074AD2F870218E
S315000069A01A70236901332361A368013BA3608BE757
S315000069B038BD00BF4C00002000600640036943F06C
S315000069C002030361D0F8103143F00203C0F810311E
S315000069D000230361C0F81031704708B50020FFF7A7
S315000069E0CBFD08BD08B50020FFF7FAFE08BD00B5CF
S315000069F083B001281CD060B1022803D0032819D027
S31500006A0000BEFEE71A2001A9FBF768FF60B100BED1
S31500006A10FEE701A90B20FBF761FF08B100BEFEE708
S31500006A20019B4BB900BEFEE7019B2BB900BEFEE7FA
S31500006A301C20E8E74920E6E7019803B05DF804FB6F
S31500006A4008B100BEFEE72DE9F04F83B00D460146C2
S31500006A500DB900BEFEE7D5F808A0EE786C79AF79DF
S31500006A6095F80CB0002E40F0D0802879FFF7BFFFD4
S31500006A70844608B900BEFEE7BBF1010F54D17E4A39
S31500006A8000237E480021ECFB0A01FAF7EBF90346E6
S31500006A900C46CDE900340127002908BFB0F1011FDB
S31500006AA0C0F0DA80BA465FFA8AF4AAF12002CAF187
S31500006AB02003012101FA02F921FA03F349EA030945
S31500006AC001FA0AF858EA090301D100BEFEE75FEAB7
S31500006AD059014FEA380042464B46DDE900BC1BEB44
S31500006AE0000B4CEB010C58466146FAF7BBF900293E
S31500006AF008BFB0F1011FC0F0BC800134E4B20AF156
S31500006B00010ABAF1110FCED14FF6FF7A00234CB12C
S31500006B10013CE4B200279BB900BEFEE74FF0000A35
S31500006B205346F4E70024F6E7BBF1000F01D000BEA0
S31500006B30FEE7BAF5803F01D300BEFEE71FFA8AFAE8
S31500006B404F4800F0E5F82A784D4B1B6823F4C073D4
S31500006B50002A14BF4FF4807200221343484A136080
S31500006B606A78474B1B6823F0C003002A14BF4022F3
S31500006B7000221343424A1360AA78414B1B6823F054
S31500006B808403002A14BF0422002213433C4A1360E4
S31500006B901146126822F08202730003F002031343C7
S31500006BA00B604A6822F07802E30003F0780313438F
S31500006BB04B604B6823F00403002F14BF042200220D
S31500006BC013434B602B794A6822F0030203F0030358
S31500006BD013434B608B681B0C1B044AEA03038B6050
S31500006BE06B7B0A6822F0B0021B0103F030031343EB
S31500006BF00B60AB7B0A6822F08802DB0003F0080317
S31500006C0013430B6003B0BDE8F08F012E01D000BE28
S31500006C10FEE7BBFA8BF35B0998460BB900BEFEE7AD
S31500006C202879FFF7E4FE002808BFB846B8F1000F40
S31500006C3001D100BEFEE72FB9231C18BF01231BB9E3
S31500006C4000BEFEE73B46FAE7BAF5803F01D300BE39
S31500006C50FEE71FFA8AFA73E70024DDE900231343EF
S31500006C603FF45CAF009B03F1FF381FFA88FA3B46FE
S31500006C704DE7CDE90001F0E740420F0020A10700F3
S31500006C800000044008B100BEFEE709B900BEFEE7F9
S31500006C9010B51446FFF7D4FE34B1044A136823F046
S31500006CA0810343F00103136010BD00BF00000440E0
S31500006CB008B100BEFEE7034B1A6842F080021A6074
S31500006CC01B6870470000044008B100BEFEE738B5F7
S31500006CD001460E4B5D68C5F380051C68C4F340048D
S31500006CE0586800F00300FFF782FE28B9002D08BFA0
S31500006CF000241CB900BEFEE70124FAE7034A136824
S31500006D0023F0810343F00103136038BD0000044003
S31500006D1008B900BEFEE7026822F081020260002286
S31500006D200260426082607047024A13680133136052
S31500006D30704700BF5000002010B582B00446002006
S31500006D4002A941F8040DFBF7C9FD08B100BEFEE734
S31500006D50019B0BB900BEFEE70F4A002313600F49E3
S31500006D60019BA1FB03139B0953600D4B1B781BB1C1
S31500006D70002393600A4A13700722074B1A60094BD7
S31500006D801A681B689B1AA34204D206490B689B1A11
S31500006D909C42FBD802B010BD10E000E0D34D62105B
S31500006DA0A084FF1F50000020014B1868704700BFE9
S31500006DB05000002008B900BEFEE730B583B0044697
S31500006DC00D46002002A941F8040DFBF787FD08B126
S31500006DD000BEFEE7019B0BB900BEFEE7194A002381
S31500006DE013601949019BA1FB03139B095360174BC1
S31500006DF01B781BB100239360144A13700722114BB2
S31500006E001A605DB92378D3B1FBF7A4FD2378013B63
S31500006E10DBB22370FBF790FD002011E00C4B1968E4
S31500006E201A4603E01368B5F1FF3F03D12378002B20
S31500006E30F8D0E9E75B1A9D42F8D2032000E0032070
S31500006E4003B030BD10E000E0D34D6210A084FF1FF8
S31500006E505000002008B900BEFEE710B50446FBF757
S31500006E6079FD2378DBB2FF2B08D023780133DBB220
S31500006E7023700024FBF760FD204610BD0124F9E7CE
S31500006E8008B900BEFEE738B504460D46FBF762FDBD
S31500006E902570FBF751FD002038BD08B900BEFEE79E
S31500006EA00020704708B510B1FCF73CFC08BDFCF7A4
S31500006EB039FC002008BD10B582B0049C0094FCF794
S31500006EC07BFD02B010BD08B5FCF79CFF08BD08B5F8
S31500006ED0FCF7F0FD08BD08B5FCF79EFD08BD08B53A
S31500006EE0FCF758FB08BD08B5FCF778FB08BD08B5EC
S31500006EF0FBF748FD08BD08B50020FFF7D9FE00F0F6
S31500006F0007FB08BD08B5FFF7BDFE08BD08B5FBF7D2
S31500006F10E9FC08BD08B5FFF7D7FE08BD10B4184B4D
S31500006F2000221A705A709A70164B997881B1164BD6
S31500006F300139C9B2013101EB810103EB8101104C2A
S31500006F4001205A78022A98BFA05414338B42F8D1F4
S31500006F500C4BD97881B10D4B0139C9B2013101EB26
S31500006F60410103EB8101064C01205A78022A98BFA1
S31500006F70A0540C339942F8D15DF8044B704700BF1A
S31500006F8054000020F00000207089FF1F5889FF1F61
S31500006F9008B5FFF7C3FF044B1B7823B1034A044926
S31500006FA00020FFF77FFF08BD540000204086FF1F2A
S31500006FB0CC07002008B5FFF7EBFF00F045F800F01E
S31500006FC0E3F800F089F908BD1B4BDB78834232D920
S31500006FD070B584B000EB4003184A02EB83035C787B
S31500006FE0022C01D904B070BD03461548642101FB8B
S31500006FF003F142180025455403EB43030F4800EB09
S315000070008303586890809E78967054709B68D36509
S315000070100C4B195D0131C9B2195582F86010019502
S3150000702003958DF804600823029383B201AA2046D3
S31500007030FFF751FFD6E77047F00000205889FF1F81
S31500007040900900205800002038B564220021084825
S3150000705005F0B8FE074BDB784BB10024054D204602
S31500007060FFF7B2FF0134E4B2EB78A342F7D838BD9C
S3150000707090090020F000002038B50446642303FB85
S3150000708000F31F4AD35C012B16D023B1022B25D067
S31500007090032B2DD038BD642303FB00F21032184DAC
S315000070A003FB04F42B192A4493F860105878FFF771
S315000070B00EFF01232B5538BD6423114A03FB002321
S315000070C093F860105878FFF7FEFE022816D0642366
S315000070D003FB04F402220A4B1A5538BD084D6423FB
S315000070E003FB04F42B19DB6D984703232B5538BD9E
S315000070F0642303FB04F40022014B1A5538BD00BF7C
S315000071009009002038B5074BDB784BB10024054DBC
S315000071102046FFF7B1FF0134E4B2EB78A342F7D87B
S3150000712038BD00BFF0000020144B9B78834223D962
S31500007130F0B4134E00EB40052D017319114984007C
S31500007140221801EB820257685F6057781F72577AE0
S315000071507755002583F82650967A5E7096895E8468
S315000071609E8492781A731D759D755D75204401EB9A
S3150000717080010A699A62F0BC704700BFF0000020E7
S31500007180600A00207089FF1F38B5094B00221A706B
S315000071905A709A70074B9B7843B11446054DE0B27E
S315000071A0FFF7C2FF0134AB78A342F8D838BD00BF61
S315000071B05C000020F0000020022870D8F0B583B0F3
S315000071C00546374B1B5C022B56D01AD80BB3012B46
S315000071D015D100EB40010901324A00EB400002EBF9
S315000071E00010436801F10C04007A19311144009132
S315000071F022440021FFF75FFE0222294B5A5503B0B5
S31500007200F0BD032B47D0042BF9D10022244B1A548E
S31500007210F5E7254B99780029F1D0244B002404E0AA
S3150000722001343033E2B29142E9D9E0B21A7AAA4285
S31500007230F6D193F82620002AF2D01C4F63001A19C3
S3150000724007EB0212002182F82610936A984705EB95
S31500007250450304EB4404134E06EB031607EB041434
S315000072600FCC0FC60FCC0FC694E80F0086E80F00B0
S3150000727001220B4B5A55C2E700EB4003094A02EBC9
S3150000728003130021187AFCF7BDFD0228B7D00322AC
S31500007290034B5A55B3E70422014B1A54AFE7704724
S315000072A05C00002060000020F0000020600A002042
S315000072B038B5084D002403E00134E4B2032C07D0AE
S315000072C015F8013B002BF7D02046FFF775FFF3E7D3
S315000072D038BD00BF540000200E4B9A78C2B110B4DE
S315000072E00D4B013AD2B2013202EB420203EB02121B
S315000072F0012402E03033934208D019780029F9D0EE
S315000073005978012908BF83F82640F3E75DF8044B56
S31500007310704700BFF0000020600A0020124B9A78E8
S3150000732002B310B4114B013AD2B2013202EB42025F
S3150000733003EB0212012402E03033934210D0197895
S315000073400029F9D059780429F6D1998C013989B2E6
S3150000735099840029F0D1598C998483F82640EBE76B
S315000073605DF8044B704700BFF0000020600A002063
S3150000737010B5064C4300191804EB810103444A7A00
S31500007380097954F82300FFF7B2FD10BD9889FF1F55
S315000073900B4B5B7893B170B500240A4D084E630021
S315000073A01A1905EB8202D37953722046FFF7E0FFE4
S315000073B00134E4B27378A342F1D870BD704700BFC0
S315000073C0F00000209889FF1F7047000008B5104B99
S315000073D05B7813B90023184608BD0D4BDA6D596D5D
S315000073E01878FDF7D7FA03460028F4D1084B9A6DB2
S315000073F0597811709A6D598891609A6D191DD160EE
S31500007400996D1878FDF79CFF03460028E2D0E2E765
S315000074107C8AFF1F00B583B0642A28BF6422C2EBB2
S31500007420C232084B83FB02C3D217C2EB631301229D
S315000074300192002200929BB2FDF7C0FE03B05DF8F8
S3150000744004FB00BF1F85EB5108B50122FEF794FB34
S3150000745008BD7047F0B4124B5C79DCB1114B1E6865
S31500007460114B00224FF0010C03E001321033A2420F
S3150000747010D0597B0029F8D09968B142F5D8711A15
S315000074805F68B1FBF7F507FB15110029EDD183F80D
S315000074900CC0EAE7034A136801331360F0BC704777
S315000074A0F0000020F8000020DC8AFF1F0E4B5B79FD
S315000074B0C3B12DE9F0410D4C0025A8460A4F04E062
S315000074C0013510347B79AB420ADD637B002BF7D0A4
S315000074D0237B002BF4D02368984784F80C80EFE7D1
S315000074E0BDE8F081704700BFF0000020DC8AFF1F76
S315000074F008B5002205491046FFF704FD3A20FFF7BC
S3150000750005FD0020FFF706FD08BD00BF285D010050
S3150000751008B5054A136801331360FFF7FFFEFFF74E
S3150000752099FF00F05BF808BDFC000020014B1868CD
S31500007530704700BFFC000020024B01221A70002297
S31500007540DA707047A484FF1F08B54FF4007102205B
S31500007550FDF792F9054BDB783BB1044B1B7823B959
S31500007560024B01225A700022DA7008BDA484FF1F64
S3150000757008B5114A11490220FDF70CFA10490220FC
S31500007580FDF7D2FB4FF400610E48FBF709FA0E4AED
S315000075900023137053709370D37093800021916011
S315000075A00A48D06013740A4A13700A4A13700A4BC9
S315000075B019605960996008BD00010020E885FF1F29
S315000075C00C86FF1FC0F00F40A484FF1F0000B041CF
S315000075D0710100207001002064010020084B9B8887
S315000075E001339BB23B2B08D9054B00229A80DB78EE
S315000075F013B90122024B9A707047014A9380704773
S31500007600A484FF1F10B582B04D4B9B786BB94C4BD1
S315000076101B785BBB4A4B5B782BB1494B00225A70F7
S31500007620002199601A7402B010BD454B00249C706D
S315000076301C705C7021460220FDF742FA4FF400618F
S315000076404048FBF7ABF90194019BEF2B05D8019B52
S3150000765001330193019BEF2BF9D94FF400613948AF
S31500007660FBF79EF90122364BDA70D0E7344C002343
S31500007670237002210846FDF72DFDD4ED037A9FED18
S31500007680327A67EE877A9FED317A77EE877A07EE60
S31500007690100AB8EE477A67EE877ADFED2D6A87EE35
S315000076A0A67ADFED2C7AB4EEE77AF1EE10FA3FDC3B
S315000076B029490A78294B03EB820383ED007A0132CC
S315000076C0274BA3FB02035B0803EB4303D31A0B70A0
S315000076D0244B1B78022B05D80133DBB2214A1370E9
S315000076E0022BA0D91D4B93ED007AD3ED017AD3ED91
S315000076F0026AB4EEE77AF1EE10FA05DD17EE103AFB
S31500007700B0EE677A07EE903AF4EE667AF1EE10FA8A
S31500007710C8BFF0EE667AB4EE677AF1EE10FAC8BF2B
S31500007720F0EE477A064BC3ED027A01221A747AE725
S315000077300023A360002323740A4A137073E700BF73
S31500007740A484FF1FC0F00F40D1221B3F66A6A543AD
S3150000775000409C460000C8437101002064010020DF
S31500007760ABAAAAAA70010020014B93ED020A70474A
S31500007770A484FF1F10B5074C4FF4807200212046E9
S3150000778005F020FB03236370034A04490020FEF73B
S3150000779011FD10BD74010020740200207886FF1FC1
S315000077A070B5884B1B78032B70D01FD9052B00F0C2
S315000077B0D980C0F0B580062B00F0E980072B40F099
S315000077C0FC80804B5C7804EB041203EB82039B6E17
S315000077D003B198477B4B04EB041403EB84040022AB
S315000077E084F82820032159701A7070BD012B12D01D
S315000077F02AD8744B93F828304BB9724B93F86C30F7
S315000078002BB9704B93F8B030002B00F0D9800122D1
S315000078106C4B1A7070BD6B4B93F8283073B9694B7B
S3150000782093F86C3043B9674B93F8B030022233B902
S315000078300022644B1A7070BD012200E00022614BE9
S315000078405A7002221A7070BD5E4D6C7804EB4406C5
S3150000785005EB8606002231791046FEF799FCB268E0
S3150000786001210020FEF7ECFB04EB041405EB840475
S31500007870002684F86060FFF759FEC5F8F80085F821
S31500007880F46085F8F56003232B7070BD4D4A51787E
S315000078900B01581802EB800090F86000002482F873
S315000078A0F44082F8F54000EB40040B449B0003EBE8
S315000078B08403134493F83030D3B9144645002E1888
S315000078C00B015A18920002EB86022244114692F8E6
S315000078D03A30128F496B0020FEF766FDA4F8FC00D3
S315000078E0384BB3F8FC30BBB10722364B1A7070BD6B
S315000078F0344C45002E180B015A18920002EB8602F2
S315000079002244114692F83A30128F496B0020FEF756
S31500007910BFFDA4F8FC00E3E704222A4B1A7070BDF1
S31500007920284B93F8F4303BB9264B93F8F5303BB12E
S315000079300722244B1A7070BD0522224B1A7070BDA7
S31500007940204C6578FFF7F2FDD4F8F830C01A05EB45
S31500007950450504EB8504E368984231D30722194BA9
S315000079601A7070BD174A54782101081902EB80007D
S3150000797090F860300133DBB280F8603090F82C204C
S315000079809A4294BF062203220E4B1A7070BD0D4B0D
S315000079905C7804EB041203EB82035B6E0BB10120EF
S315000079A09847084B04EB041403EB8404002284F884
S315000079B02820032159701A7070BD0722014B1A70D6
S315000079C070BD00BF7401002002283AD82DE9F041AD
S315000079D0044694461F46B1B300EB00131B4A02EB64
S315000079E0830393F8283013B10020BDE8F08100EB43
S315000079F0001602EB86068E462C3601F13005B0469F
S31500007A00DEF80000DEF80410DEF80820DEF80C30A0
S31500007A10A8E80F000EF1100E4646AE45EFD1DEF88F
S31500007A200000DEF8041003C6084B2201111903EB0F
S31500007A308101C1F864C08F66012081F82800BDE885
S31500007A40F081002070470020BDE8F081740100201D
S31500007A50022809D870B4054C45002E1804EB86069A
S31500007A603171B260F36070BC704700BF74010020D2
S31500007A7004284FF00102034B0CBF83F8F42083F86F
S31500007A80F52070477401002018B1064B1B78042BB3
S31500007A9003D00922034B1A7070470522014B1A7056
S31500007AA0704700BFC00600200922014B1A707047BC
S31500007AB0C006002010B584B000248DF80C408DF867
S31500007AC00D0022463C212046FEF762FB642300930C
S31500007AD00123022203A92046FEF7ACFC04B010BD28
S31500007AE0F8B52F4B1B78042B09D009D9082B4DD09C
S31500007AF0092B50D0052B3DD00922294B1A70F8BD11
S31500007B00002BFCD0032BF7D1264C02272770264BDF
S31500007B1000251D70224A5178A1F150025A709D70BD
S31500007B20DD701D7110225A712571A3600623A38191
S31500007B30A5731E4E402333707570B57080221C4BA2
S31500007B4003EBC111F01C05F015F92574666183235A
S31500007B5023830123A376174B174A21463846FFF79E
S31500007B6033FF18B909220E4B1A70F8BD04220C4BCC
S31500007B701A70F8BD0A4A53780133DBB25370072BEB
S31500007B8094BF03220822064B1A70F8BD044B00224C
S31500007B909A701A70F8BD024B00229A701A70F8BDDE
S31500007BA0C0060020C4060020B8060020FC060020FF
S31500007BB0B8020020A97A0000897A0000054B1B78DC
S31500007BC033B9044B00225A7003221A7001229A70AC
S31500007BD0704700BFC0060020024B1878003018BF5F
S31500007BE001207047C006002038B5FFF7E7FFFFF712
S31500007BF0DBF80546084C23786BB1FFF7D1FDFFF79C
S31500007C006FFFFFF7D1F8401B6428F4D9024B00221E
S31500007C101A709A7038BD38BDC006002008B5002815
S31500007C204FF480620CBF0021FF21024805F0CAF81C
S31500007C3008BD00BFB802002008B50020FFF7EEFF20
S31500007C4008BD10B504468120FFF734FF2046FFF734
S31500007C5031FF10BD08B530B9AE20FFF72BFF00226B
S31500007C60044B5A7108BDAF20FFF724FF0122014BD8
S31500007C705A7108BDB002002010B5314B00241C70AB
S31500007C805C709C706420FFF757F82046FFF7E2FF10
S31500007C902020FFF70FFF2046FFF70CFFB020FFF76D
S31500007CA009FFC820FFF706FF2046FFF703FF102055
S31500007CB0FFF700FF4020FFF7FDFEFF20FFF7C1FFA3
S31500007CC0A120FFF7F7FEA620FFF7F4FEA820FFF796
S31500007CD0F1FE3F20FFF7EEFEA420FFF7EBFED320D8
S31500007CE0FFF7E8FE2046FFF7E5FED520FFF7E2FEA8
S31500007CF0F020FFF7DFFED920FFF7DCFE2220FFF79A
S31500007D00D9FEDA20FFF7D6FE1220FFF7D3FEDB20DE
S31500007D10FFF7D0FE2020FFF7CDFE8D20FFF7CAFE2D
S31500007D201420FFF7C7FE0120FFF794FFFFF784FF3B
S31500007D30FFF75AFF034B1C805C8001221A7110BDAD
S31500007D40C0060020B00200202DE9F04F87B0029057
S31500007D5006AC04E90E00A0F12003DBB25E2B55D879
S31500007D60059B002B4FD0034413F820CC2B4BB3F8C4
S31500007D70009009EB0C03802B4CDC9DF80D30274A54
S31500007D80B2F802A00AEB0302402A45DC029AA2F1ED
S31500007D90200E1EFB03FE1FFA8EFE01936BB3049B9F
S31500007DA003EB4E0E00274FF0010BDFF874803EF810
S31500007DB0025B0AEB0704E4B2E00809EBC01080B2EC
S31500007DC004F007040BFA04F4E6B2BCF1000F10D07D
S31500007DD008EB0003604440444FF40042E44315427C
S31500007DE0197814BF31432140197052080133834278
S31500007DF0F5D10137019B9F42D9D1CC44074BA3F85B
S31500007E0000C0029803E09DF80CC0AFE7002007B061
S31500007E10BDE8F08F0020FAE70020F8E7B002002066
S31500007E20B802002070B584B004AC04E90E00D8B1E5
S31500007E3005460F4B9DF820201A809DF824205A8075
S31500007E40007898B1002401AE96E80E00FFF77CFF9B
S31500007E5015F8013B984204D10134E4B22878002891
S31500007E60F2D1204604B070BD0024FAE70024F8E7FA
S31500007E70B0020020074B1A7852B1074B19684B1E07
S31500007E80013A51FA82F2002103F8011F9342FBD115
S31500007E90704700BF800700208407002003460229A0
S31500007EA018D009D904291FD019D3052921D1134A7D
S31500007EB007CA83E807000BE031B1012919D1104A3E
S31500007EC007CA83E8070003E00E4A07CA83E80700EB
S31500007ED0184670470C4A07CA83E80700F8E70B4ABA
S31500007EE007CA83E80700F3E7094A07CA83E80700D9
S31500007EF0EEE7034A07CA83E80700E9E78C5C01005E
S31500007F00BC5C0100B05C0100805C0100A45C010067
S31500007F10985C0100204B1B68002B3CD01F4B1B7844
S31500007F20002B38D02DE9F04387B000241A4EDFF835
S31500007F3070801A4F04E00134E4B23B78A34227D99B
S31500007F402501336803EB05095B5D012BF3D1D9F8F5
S31500007F500830002BEFD020220021404604F032FFEB
S31500007F60D9F8083099F80C104046984733681D44F4
S31500007F700DF10C09E9784846FFF790FFAB780193BD
S31500007F806B78009399E80E004046FFF74BFFD2E767
S31500007F9007B0BDE8F08370478807002080070020FF
S31500007FA0940700202DE9F04186B02E4C20602E4C1F
S31500007FB021602E490A702E490B8000212D4B197025
S31500007FC09AB1013AD2B2013212010B460D460C4665
S31500007FD0012602E01033934206D0C15C0129F9D193
S31500007FE00134E4B23546F5E78DB9FFF743FFFFF7F5
S31500007FF043FEFFF721FE1B4B1B682BB31B4B1B7865
S3150000800013B30024DFF85C8003AE184F07E0194B6A
S315000080101C70EAE70134E4B23B78A34214D9230189
S31500008020D8F80020D518D35C002BF3D1E978304678
S31500008030FFF734FF6868AB7801936B78009396E896
S315000080400E00FFF7EFFEE5E7FFF764FFFFF7CCFD55
S31500008050FFF76CFA084B18600022084B1A7006B03E
S31500008060BDE8F081880700208407002080070020F3
S31500008070B884FF1FB40700208C070020900700205B
S315000080802DE9F04186B0FFF72BFDFFF74FFA4C4B79
S315000080901B68C31A4B4A1288934213D301224A4BD8
S315000080A01A70474B18600022484B1A70FFF794FD70
S315000080B060B9464B1B780133DBB2182B09D8434A0B
S315000080C0137003E0404B1B78002BEFD106B0BDE8E0
S315000080D0F08100223D4B1A703D4B18680028F5D000
S315000080E03C4B1D78002DF1D03B4B1A78002100E067
S315000080F01A46531CDBB29D4298BF00231646140154
S315000081000719025D012A06D00131CAB29542EFD89D
S31500008110314A1370DAE7304A1370BB68002B47D038
S31500008120DFF8C08020220021404604F04BFEBB68E9
S31500008130397B40469847264B1A68144403ADE178CC
S315000081402846FFF7ABFEA37801936378009395E882
S315000081500E004046FFF766FE204B1B6801229A552B
S315000081601F4B1E78E6B11B4B1878B8B1184B1D682B
S315000081701A4B1B68421ED2B201329C1800200246DE
S3150000818003E001331032A34208D0A95C0129F8D1DB
S3150000819019780029F5D00130C0B2F2E7864295D8A9
S315000081A0FFF70CFDFFF766FE0022074B1A708DE7FE
S315000081B00B4B1E78002EF3D0064B1878D6E700BF7F
S315000081C08C070020B884FF1F90070020910700202D
S315000081D088070020800700207F07002084070020F2
S315000081E0B4070020940700202DE9F04F2DED028BF7
S315000081F083B09D4CDFF87882D8E90023D4E90C01DE
S31500008200F8F7E8FA06460F46984D95ED008BD4E947
S315000082100E2351EC180BF8F7DDFA32463B46F8F719
S3150000822023F982468B46D8E90223D4E91201F8F7EE
S31500008230D1FACDE90001D4E91423F8F7CBFAD5E950
S315000082400423F8F711F904460D4602460B4650463C
S315000082505946F8F73BFD002800F0CF80DFF808828A
S3150000826052465B4630463946F8F7FCF8D8E9022311
S31500008270F8F7B0FAD8E90423F8F7ACFA06460F4641
S3150000828052465B4620462946F8F7ECF8D8E9002323
S31500008290F8F7A0FA02460B4630463946F8F7E4F8F6
S315000082A002460B46DDE90001F8F7DEF804460D4606
S315000082B06F4BD3E904AB52465B4620462946F8F796
S315000082C0D1F806460F4666A3D3E900236649D1E9ED
S315000082D01601F8F77FFA8046894602460B46304675
S315000082E03946F8F707FD002800F09E8042464B46C7
S315000082F050465946F8F7B8F804460D465C4BC3E9B4
S315000083000445594BD3E91C6732463B46204629466D
S31500008310F8F7F0FC58B9544BD3E91E6732463B4692
S3150000832020462946F8F7C8FC08B926462F463246A5
S315000083303B464D49D1E92001F8F74CFA4D4BC3E9CC
S3150000834000014B4B83ED008BC3E902674A4C04F1F5
S315000083500801606803F00AFFD4E908450022474B8C
S3150000836020462946F8F79EFCD0B9434BD3E902676D
S3150000837032463B4620462946F8F774F804460D4631
S3150000838000223F4B30463946F8F724FA02460B46A0
S3150000839020462946F8F7AEFC10B93A4A364B1A6021
S315000083A0354B1C6901341C611CB91A465B690133E3
S315000083B05361314DD5E906896869F8F791F9424666
S315000083C04B46F8F707FA00222F4BF8F703FA064652
S315000083D00F462046F8F784F942464B46F8F7FAF975
S315000083E002460B4630463946F8F73EF8C5E9020123
S315000083F003B0BDEC028BBDE8F08F1B4C1B4BD3E9E1
S315000084000223D4E90601F8F7E5F9DDE90023F8F7D8
S3150000841029F8D4E90823F8F7DDF9DDE90023F8F7B0
S3150000842023F804460D4643E70DA3D3E900230E497E
S31500008430D1E91801F8F7CEF98046894602460B467F
S3150000844030463946F8F738FC00283FF457AF424625
S315000084504B4650465946F8F707F804460D464DE791
S31500008460FCA9F1D24D62503FD088FF1F2809002099
S31500008470E008002040090020F80800200000F0BFB6
S315000084800000B03C445D01000000F0410000000027
S3150000849038B5294D30220021284604F093FC9FED83
S315000084A0201B85ED081B9FED202B85ED062B234811
S315000084B000234364686003634360214AC261214A22
S315000084C002624262204981610421C1600361012187
S315000084D041618262436383601C4C23606360A360D6
S315000084E0E360236163611A4A136053609360D3604B
S315000084F0136153619FED0E0B164B83ED000B29465E
S3150000850002F08CFB144BD3E90A01C4E90001D3E95C
S315000085101001C4E90201D3E91A23C4E9042338BDD2
S31500008520000000000000F0BF7B14AE47E17A843FF4
S315000085300000000000000000F808002048090020A4
S31500008540385D0100806B0100405D0100E0080020FD
S315000085502809002040090020D088FF1F10B5754B60
S315000085601B7AB3B1022B27D0012B39D0642000F03F
S31500008570B7FC642000F0C1FC642000F0CBFC642052
S3150000858000F0D5FC6B4B00229A811A749A73DA7349
S3150000859010BD642000F0A4FC642000F0AEFC642052
S315000085A000F0B8FC642000F0C2FC624B00229A8105
S315000085B01A749A73DA7310BD502000F091FC64208F
S315000085C000F09BFC502000F0A5FC642000F0AFFCFE
S315000085D0584B00229A81142119749A73DA7310BDCC
S315000085E0544B5B79032B73D04BBB524B9B7923BB0C
S315000085F0642000F075FC4F4BDB79642B9ABFC3F106
S315000086006403D8B2002000F078FC642000F082FCFD
S31500008610484BDB79642B9ABFC3F16403D8B20020C0
S3150000862000F085FC434B00229A81D979642928BF42
S31500008630642119749A73DA7310BD032B24D0642055
S3150000864000F04EFC3B4BD87964289ABFC0F1640019
S31500008650C0B2002000F051FC642000F05BFC354BFA
S31500008660D87964289ABFC0F16400C0B2002000F037
S315000086705EFC304B00229A81D979642928BF642197
S3150000868019749A73DA7310BD00F096FCFFF7ACFD0F
S3150000869000F0CAFC642000F023FC264CE078400879
S315000086A0C0F16400C0B200F028FC642000F032FC87
S315000086B0E0784008C0F16400C0B200F038FC2388BE
S315000086C0A381E3782374A378A3732379E37310BD9E
S315000086D0184B9B79002B8BD0032BB0D1154A537ABC
S315000086E093815A1ED2B2FE2A28BFFE23114C637212
S315000086F000F07AFCFFF778FD00F096FC642000F0AD
S31500008700EFFBE0784008C0F16400C0B200F0F5FB72
S31500008710642000F0FFFBE0784008C0F16400C0B2BE
S3150000872000F005FCE3782374A37AA373E37AE3737A
S3150000873010BD00BFD40A002010B588B01C4B5C6980
S31500008740002293F85810204600F010FA40F2012358
S315000087509C4201D008B010BD1549164C91F858201E
S315000087601831204603F051FDA078F7F7B9FFCDE99F
S3150000877000016078F7F7B4FFCDE90201E078F7F77A
S31500008780AFFFCDE904012078F7F7AAFFCDE906018E
S315000087900422694640F2012000F052FA064BA27804
S315000087A05A7162789A71E278DA7122781A72D1E790
S315000087B0900900205C0A0020D40A002010B586B07B
S315000087C0194B9C6F012293F8BC10204600F0CEF99D
S315000087D040F202239C4201D006B010BD1249134C50
S315000087E091F8BC207C31204603F0FEFC6088F7F748
S315000087F077FFCDE900016078F7F772FFCDE9020156
S315000088002078F7F76DFFCDE904010322694640F2AF
S31500008810022000F015FA064B62885A726278DA7204
S3150000882022789A72D8E700BF90090020580A0020E3
S31500008830D40A002008B5C8220021044804F0C2FA70
S315000088400222034BDA70FEF7FFFB08BD90090020F9
S31500008850F0000020000000002DE9F0412DED028B14
S3150000886007461F4D4600331805EB03134FF0080863
S31500008870C3F810809FED188BB0EE480AF0EE680A38
S3150000888000F0C5FA174C2070B0EE480AF0EE680A00
S3150000889000F0C4FA6060B0EE480AF0EE680A00F034
S315000088A0C3FA2072B0EE480AF0EE680A00F0C3FA86
S315000088B06072B0EE480AF0EE680A00F0C3FAA072E1
S315000088C0F01905EB001042462146193000F06AFA0D
S315000088D0BDEC028BBDE8F081000000000000000046
S315000088E0600A0020C00A00202DE9F84380461B4D8F
S315000088F04600331805EB03134FF00509C3F8109033
S31500008900174F3879F7F7ECFE41EC100B03F05EFCDD
S31500008910144CA070B878F7F7E3FE41EC100B03F0A7
S315000089204EFC60703888F7F7DBFE41EC100B03F065
S3150000893054FCA080F878F7F7D3FE41EC100B03F057
S3150000894037FC207006EB080005EB00104A4621466E
S31500008950193003F010FCBDE8F88300BF600A002060
S31500008960D40A0020CC0A002008B560220021054860
S3150000897004F028FA0222044B9A70FEF705FCFEF773
S31500008980ABFC08BD600A0020F0000020094B002265
S315000089901A803C219970DA701E2119715A719A71E8
S315000089A0DA711A725A729A72DA729A811A749A7310
S315000089B0DA737047D40A002008B50C48F9F7F2FAC2
S315000089C008B100BEFEE70A491820F9F7CBFF0748B1
S315000089D0F9F7E8FA0023074A01210748F9F7F0FEFC
S315000089E000210846F9F700FF08BD00BFBC84FF1F41
S315000089F08C86FF1FB80700204485FF1F08B5032299
S31500008A00024B5A70FEF7C4FC08BD00BFF000002000
S31500008A1008B5FEF7AFFE6423034A3C210220FFF7A8
S31500008A2017F800F047FA08BD801A060008B5FEF7E9
S31500008A30B7FE00F04BFA08BD30B58BB005460C46C4
S31500008A4007A800F0DAF92846F7F74AFE41EC100BC2
S31500008A5000F0DDF98DF81C002046F7F741FE41ECE9
S31500008A60100B00F0DBF9089005AD00240594069480
S31500008A70082207A9284600F095F9029404940823D1
S31500008A800393009540F2FF7302AA0F212046FEF7DA
S31500008A9012FA0BB030BD0000F8B5174D00240126C0
S31500008AA003E00134E4B2032C08D015F8013B002B97
S31500008AB0F7D031462046FEF712FAF2E70F4BDB7885
S31500008AC08BB100240E4F64260C4D06FB0470002368
S31500008AD090F8602081784078FEF705FA0134E4B218
S31500008AE0EB78A342F1D8074A002313605360064A85
S31500008AF01380064A1370F8BD54000020F0000020D1
S31500008B0090090020E80A0020F00A0020340B00201B
S31500008B1040F20123984206D040F20223984214BF45
S31500008B2000200120704701207047000038B5044638
S31500008B300D46FFF781FF90B18CB1094B1B78072BCF
S31500008B400DD8084A12781A4402F00702064901F8BD
S31500008B50324001EBC20255600133014A137038BD41
S31500008B60F20A0020F30A0020F40A0020F8B50446B1
S31500008B700D46FFF7CDFF50B140F201239C420CD0C9
S31500008B8040F202239C4208BF012607D0F8BD254AC1
S31500008B9021460120FFF7CAFFF8BD00260022224B1E
S31500008BA09A5573009A19214B03EBC2031B7953B1F3
S31500008BB01E4B03EBC2035B79AB4204D01C4A214631
S31500008BC00220FFF7B3FF73009A19184B03EBC20399
S31500008BD09B79002BDAD0154B03EBC203DD68002D21
S31500008BE0D4D0FEF7A3FC0746124B53F8263083B1C8
S31500008BF0C31A720091190D4A02EBC10292689342A0
S31500008C0001D39D4205D20C4A21460320FFF78EFF71
S31500008C1004E00A4A21460020FFF788FF054B43F887
S31500008C202670B3E7585D0100F00A0020AC5D010034
S31500008C30685D0100E80A0020785D01008C5D010096
S31500008C402DE9F84F40F20123984207D040F2022363
S31500008C50984208BF012602D0BDE8F88F00267300AF
S31500008C609C191E4B03EBC4031B7C002BF4D01B4B3F
S31500008C7003EBC4035B7C9A4228BF1A46002AEBD05A
S31500008C8004468846013AD5B2013501EBC5050027F1
S31500008C9073003344114E06EBC306D6F8149007E072
S31500008CA0326821460420FFF741FF1837A845D3D084
S31500008CB009EB0706F8E802ABD6E902235046594607
S31500008CC0F7F7FAFF0028EBD1D6E9042350465946B8
S31500008CD0F8F710F80028E8D0E2E700BFAC5D010025
S31500008CE038B5284B1B78CBB9274B1C7804EB4402CC
S31500008CF0264B03EBC2039B794BB11346234A02EB87
S31500008D00C303DD681DB1224B53F82430EBB91E4A6C
S31500008D101378013303F00103137038BD1D4B1A7825
S31500008D201D4B03EBC201496813F83200FFF784FEBE
S31500008D300028D9D1174A1378013303F007031370BB
S31500008D40104A1378013B1370CEE7FEF7EFFB0E4B8C
S31500008D501A780F4B53F82230C01A8542D7D20F4BE0
S31500008D609B5C002BD3D104EB44040D4A074B53F80C
S31500008D7034100320FFF7DAFE034B1B780121074A64
S31500008D80D154C4E7F20A0020340B0020AC5D010088
S31500008D90E80A0020F30A0020F40A0020F00A002066
S31500008DA09C5D0100072A25D90023036043600B78E8
S31500008DB00278134303704A684378134343704A6842
S31500008DC0837843EA12238370CB88C2781343C37037
S31500008DD0CB790279134303710B7A427913434371BA
S31500008DE04B7A8279134383718B7AC2791343C371A9
S31500008DF0082070476FF015007047034620B1002029
S31500008E0018605860986070474FF0FF30704708B59B
S31500008E1051EC100BF7F7B6FFC0B208BD08B551EC20
S31500008E20100BF7F7AFFF08BD08B551EC100BF7F7BD
S31500008E30A9FFC0B208BD08B551EC100BF7F7A2FFA9
S31500008E40C0B208BD08B551EC100BF7F79BFFC0B2D6
S31500008E5008BD000008B5034B9B89034A04F086F958
S31500008E6008BD00BFD40A0020E85E010008B5034B28
S31500008E709B7B034A04F07AF908BD00BFD40A0020A0
S31500008E80E85E010008B5034BDB7B034A04F06EF98C
S31500008E9008BD00BFD40A0020E85E010008B5034BF8
S31500008EA01B7C034A04F062F908BD00BFD40A002007
S31500008EB0E85E010008B564230C2202490248FFF768
S31500008EC071F808BD380B0020BC89FF1F08B5FFF7F5
S31500008ED0D7F808BD08B500210320FEF7B5FA08BD8E
S31500008EE008B5024600210320FEF794FA08BD08B52E
S31500008EF001210320FEF7A8FA08BD08B502460121A4
S31500008F000320FEF787FA08BD08B504210320FEF703
S31500008F109BFA08BD08B5024604210320FEF77AFA3B
S31500008F2008BD08B505210320FEF78EFA08BD08B571
S31500008F30024605210320FEF76DFA08BD08B500209C
S31500008F40FFF7CEFFFFF7C6FF0020FFF7D6FFFFF7BC
S31500008F50CEFF0020FFF7DEFFFFF7D6FF0020FFF76A
S31500008F60E6FFFFF7DEFFFEF731FA08BD704708B5EA
S31500008F70FFF70CFD08BD08B5FFF7F0FA08BD0000C5
S31500008F8008B5FEF7F1FBBCEEC00A024B10EE102A44
S31500008F901A8008BDD40A002008B50322034B5A7173
S31500008FA0FFF7F4FCFEF755FA08BD00BFF0000020FD
S31500008FB008B5FFF76DFA08BD38B5094C094D288884
S31500008FC0F7F78EFBC4E90001A878F7F789FBC4E937
S31500008FD002012879F7F784FBC4E9040138BD00BF14
S31500008FE028090020D40A002010B50C4C607AF7F747
S31500008FF077FB0B4BC3E90001A07A64280BD8F7F77F
S315000090006FFB074CC4E90201044BD87AF7F768FBFB
S31500009010C4E9040110BD00200249F2E7D40A002089
S31500009020280900200000594008B5044BD3E9000187
S31500009030F7F7A8FE024BD87008BD00BF4009002014
S31500009040D40A002008B5FFF7B7FCFEF751FAFFF780
S31500009050D5FCFFF789FCFFF7EDFBFDF7ABFFFFF74C
S315000090606DFFFEF785FAFFF7D3FCFFF795FFFFF7D5
S3150000907013FDFFF79DFFFEF7A7F9FEF719F9FEF7B7
S3150000908041F8FFF7D3FCFEF711FAFEF7BBFAFFF73C
S3150000909027FEFFF775FFEEE7042818D008D8012849
S315000090A011D070B1022810D0032818D101207047C2
S315000090B0062810D00DD307280FD008280FD101207D
S315000090C0704708207047042070470120704702202F
S315000090D07047022070470420704704207047002024
S315000090E0704710B50446FFF7D7FF042C19D008D8EF
S315000090F0012C18D07CB1022C11D0032C0DD10220EA
S3150000910010BD072C03D8062C0DD2042010BD082C48
S3150000911003D1012010BD102010BD400010BD02205B
S3150000912010BD042010BD082010BD032812D009D997
S31500009130052813D010D3062812D007280CBF0D20FF
S3150000914000207047012803D08CBF082006207047F6
S3150000915007207047092070470A2070470B20704788
S315000091600C20704738B50446C0B938BD184603F020
S31500009170CFFBD4F8D00008B103F0CAFBD4F8D40072
S3150000918008B103F0C5FBD4F8D80008B103F0C0FB62
S31500009190204603F0BDFB2C46002DE6D0D4F8DC506B
S315000091A0A06D08B103F0B4FBE06D08B103F0B0FBAD
S315000091B0606D04F14C03984202D008B103F0A8FB9D
S315000091C0D4F8B030002BD4D0186D0028CED003F0E0
S315000091D09FFBD4F8B030002BC8D1CAE738B5044697
S315000091E068BB38BDA06CFFF7BDFFA06DFFF7BAFFE7
S315000091F0206E08B103F08CFB606E08B103F088FBAB
S31500009200E06D08B103F084FBA06E08B103F080FBAB
S31500009210E06E08B103F07CFB206F08B103F078FB29
S31500009220606F08B103F074FBD4F8800008B103F056
S315000092306FFB204603F06CFB2C46002DD1D0D4F8F2
S31500009240845094F84430002BCCD1A06C0028CCD0AC
S3150000925003F05EFBC9E700002DE9F04F89B0044634
S31500009260D0F84480466E8946C1B1056C05F5806527
S3150000927008FB05F706FB07F73946A06D03F0ACFDC2
S3150000928090B1A065D4F8A030002B54D12564B9F173
S31500009290000F40F0968009B0BDE8F08F056C0DB167
S315000092A06D00E5E70125E3E77C4F3B68DB681D229F
S315000092B001217B4803F0AAFA3B68D3F80CB0D4F836
S315000092C0A010784B784A002914BF92469A46404629
S315000092D0F7F716FA804689463046F7F701FA06464A
S315000092E00F4605F58060F7F70BFA42464B46F7F74F
S315000092F071FA32463B46F7F76DFACDE90601284684
S31500009300F7F7FEF942464B46F7F764FA32463B4614
S31500009310F7F760FACDE90401636E0293636C01937B
S31500009320236C0093534622466049584603F0F2F8F0
S31500009330012002F0B5FF3946E06D03F04DFD08B19E
S31500009340E065A3E7DFF854A1DAF80030DB681D22F8
S315000093500121534803F05AFA4046F7F7D1F98046FF
S3150000936089463046F7F7BCF906460F46DAF800A0FC
S3150000937005F58060F7F7C4F942464B46F7F72AFA37
S3150000938032463B46F7F726FACDE904012846F7F7B9
S31500009390B7F942464B46F7F71DFA32463B46F7F712
S315000093A019FACDE90201636E0193636C0093236C95
S315000093B022463F49DAF80C0003F0ACF8012002F02F
S315000093C06FFFD4F8B0305E6C1D6C05F5806909FB43
S315000093D006F1C900186D03F0FFFC074608B3A56C3B
S315000093E0013D002D15DDC9EB49784FEAC80805FB9C
S315000093F009F600EBC606D4F8B0301A6C05FB02F18C
S31500009400D20007EBC101304603F0B4FC4644013DEF
S31500009410F1D1D4F8B0301F65D4F8B030C3F840901D
S3150000942039E7DFF87880D8F80030DB681D220121A3
S315000094301B4803F0EBF9D4F8B0403046F7F760F973
S3150000944006460F46D8F8008005F50060F7F758F98C
S3150000945032463B46F7F7BEF90022164BF7F7BAF944
S31500009460CDE904014846F7F74BF932463B46F7F794
S31500009470B1F900220F4BF7F7ADF9CDE90201082348
S315000094800193636C0093236C22460B49D8F80C00B9
S3150000949003F040F8012002F003FF00BF248BFF1FFA
S315000094A060690100806B010050690100806901005C
S315000094B0286A010000002040DC6A010070B50E46F3
S315000094C01446856945B319492846F7F757FE18B378
S315000094D0002384F83F302B785F2B0ED03F2229469D
S315000094E0204603F064FF2046F7F752FEC0F13F0224
S315000094F03146204603F047FF70BD3F2231462046E5
S3150000950003F055FF2046F7F743FEC0F13F02294618
S31500009510204603F038FF70BD002384F83F303F2219
S315000095203146204603F043FF70BD00BF4869010085
S315000095302DE9F04F2DED028B83B0054601911446BF
S3150000954098460821104602F075FE8146B8F1000FD4
S315000095500ED1002C1ADD043D064600EBC40755F873
S31500009560040FF7F7BDF8E6E80201BE42F7D10DE0B9
S31500009570002C0BDD043D064600EBC40755F8040F2E
S31500009580F7F7BEF8E6E80201BE42F7D104F100554E
S31500009590013D09EBC505D5E90067013C002C25DD39
S315000095A09FED238B15E04046F7F79AF832463B4687
S315000095B0F6F75AFF41EC100B019803F0A5FD53ECAA
S315000095C0102B50465946F6F74FFF06460F46013C0C
S315000095D00CD075E902AB53EC182B50465946F7F7F9
S315000095E06BFB0028DFD151EC180BDFE732463B4618
S315000095F0DDE90E01F7F7EEF841EC100B109803F0D9
S3150000960083FDDDE9122351EC100BF6F72DFF04461E
S315000096100D46B9F1000F02D0484603F079F920460D
S31500009620294603B0BDEC028BBDE8F08FAFF3008096
S315000096300000000000000000082803D008B5FFF76E
S3150000964074FD08BD092070472DE9F04F8BB0D0F8A6
S31500009650CC400134C0F8CC40D0F8C86094FBF6F595
S3150000966006FB1544002C40F0C180039317460E46B6
S3150000967009900023C0F8CC30D0F8B420036C9A428D
S3150000968025D00998446ED0F8B420436C03FB02F34E
S3150000969004FB03F3D0F8A020002A00F08280826D3C
S315000096A01A440192C26DD3180293039B002B40F318
S315000096B09380630008933B1F0593331F0493149B09
S315000096C0043B06934FF0000A6300079322E0D0F8AC
S315000096D0C430012B09D000230999C1F8B430D1F860
S315000096E0B8300133C1F8B830CBE70021FFF7B4FD3D
S315000096F0C7E7009525E0544C544B1B682246544955
S31500009700D86802F007FF20466DE00AF1010A039BC4
S31500009710534561D0059B53F8049F0593049B53F86A
S31500009720045F0493069B53F804BF0693BBF1000F36
S31500009730DFD0089B03FB09F003F0E2F8009029460E
S31500009740D847009B002BD6D0B9F1000F22DD009D33
S31500009750DDF80880019F002622462946384603F098
S3150000976009FB2744254422462946404603F002FBCE
S31500009770A04401362544B145EED106FB04F3019A17
S315000097801A440192029A1A440292079B009A06FB17
S3150000979003230093BBF1000FB7D0009803F0B8F88D
S315000097A0B3E7099A926D02EB030B039B002B13DDC3
S315000097B0043F043E149BA3F104094FF000080194F2
S315000097C0B24622E0204C214B1B6822462049D8682D
S315000097D002F0A0FE204606E0099AD2F8B430013322
S315000097E0C2F8B43000200BB0BDE8F08F0020FAE7D5
S315000097F0002EE7D022463146584603F0BBFAA34472
S3150000980008F10108039B4345E6D057F8044F019B36
S3150000981004FB03F45AF8046F59F8045F002DE7D0EF
S31500009820204603F06DF800903146A847009B002BB8
S31500009830C8D02246009D2946584603F09BFAA34409
S31500009840284603F065F8DBE7B86B0100248BFF1FA1
S31500009850E06B0100000000002DE9F04F2DED048BB8
S31500009860A9B00C908DED080B8DED041BB0EE429A5D
S31500009870F0EE629A0F9193460793369DDDF8E490D9
S315000098809DF8F4200A92B0EE438AF0EE638A1846F9
S31500009890FFF702FC0746B9F1000F30D03C9B1B686E
S315000098A00B93DDE90823DDE90401F7F723FA002825
S315000098B000F0AE80AE4BD3E90023DDE90401F7F7F3
S315000098C0F1F9002840F0BC8000224FF0404351ECF3
S315000098D0180BF7F7E7F9A8B90022A64B51EC180BBD
S315000098E0F7F7E0F920BB0022002351EC180BF7F73D
S315000098F0D9F910B3B0EE498AF0EE698A04E0012383
S315000099000B93CEE79DED048B0022002351EC180B40
S31500009910F7F7C8F988B1409B581C409B002B40F3D1
S315000099201381984240F3168100230E930D938DE028
S31500009930B0EE498AF0EE698AE6E7DDE90823DDE95B
S315000099400401F6F78FFDCDE9080153EC182BF7F764
S315000099506BF841EC100B07F00BFA0022864B51EC2A
S31500009960100BF6F781FDCDE904010022824BF6F7D4
S3150000997079FD53EC182BF6F72DFF02460B46DDE971
S315000099800801F7F7B7F938B100227B4BDDE904018E
S31500009990F6F76AFDCDE90401B9F1000F0AD00B987C
S315000099A0F6F7AEFE02460B46DDE90401F6F712FFB6
S315000099B0CDE904014198F6F7A3FE02460B46DDE920
S315000099C00401F7F731F8CDE9040141EC100B07F07B
S315000099D0CFF953EC102BDDE90401F7F763F938B939
S315000099E00022654BDDE90401F6F73EFDCDE90401F1
S315000099F05BA3D3E90023DDE90401F7F767F920B19A
S31500009A00DDE90401F7F796F987E76FF0004084E790
S31500009A10DDE90823DDE90401F7F744F980B1B9F17E
S31500009A20000F40F0C081409B002B40F3B581409B66
S31500009A30002B00F398823A9E00230E930D930BE0C1
S31500009A40409B002B60DD00230E930D93B9F1000FB0
S31500009A5000F09C803C9B5E684098F6F751FECDE98D
S31500009A6008013846F6F73CFEDDE90823F6F7B2FEB4
S31500009A70CDE904013046F6F743FE02460B46DDE922
S31500009A800401F6F7A7FE41EC180B37A3D3E9002330
S31500009A90F7F726F900287BD1E021012002F0CAFB66
S31500009AA00446002800F08F80409B03FB06F807FB66
S31500009AB008F8404602F024FFA065002800F08B80DD
S31500009AC0389B002B40F09B80429B002B00F0B1801E
S31500009AD0224659460C98FFF7F1FC6664409B2364C6
S31500009AE0B9F1000F40F088813B9BA364022B40F341
S31500009AF08581980002F004FF60653B9B9A003C99C3
S31500009B00606D03F037F981E10022002351EC190B57
S31500009B10F7F7C8F838B1409B0133409301230E9301
S31500009B2000230D9392E7154B18685B464FF480624D
S31500009B301349806802F0EEFC4FF4806340930023E3
S31500009B400E9301230D9381E7409001230E9300238A
S31500009B500D937BE7409001230E9300230D9375E749
S31500009B600000C0FFFFFFDF410000E0FFFFFFEF4105
S31500009B70108BFF1F0000F0BF0000F03F248BFF1F7B
S31500009B806466010000230E930D9363E73A9E63E734
S31500009B908F4C23685A468F49D86802F0BBFC23686D
S31500009BA0D8688DED028B01970096409B5A468A49EC
S31500009BB002F0B0FC0024894B0F9A13602046FFF791
S31500009BC0D1FA0024E2E0824B1B685A468449D868E1
S31500009BD002F0A0FCEFE77E4D2B68DB683422012102
S31500009BE0804802F013FE2B68D8688DED028B019732
S31500009BF00096409B5A467C4902F08CFCDBE74046C7
S31500009C0002F07EFEE06500287FF45EAF704D2B68A3
S31500009C105A467649D86802F07DFC2B68D8688DEDE7
S31500009C20028B01970096409B5A466F4902F072FCE0
S31500009C30C1E7002384F83F303F225946204603F00F
S31500009C40B6FB4AE7DDF81CC09FED5D7B00279FED64
S31500009C505E6B0497BE46B846BA46F8E0542101202A
S31500009C6002F0E8FA0746C4F8B0000028A3D005467B
S31500009C705F4E0FCE0FC50FCE0FC50FCE0FC596E8A0
S31500009C800F0085E80F000A9B012B3CD0B9F1000FAD
S31500009C9046D03E9B0433BB643F9B0433FB640123E5
S31500009CA03B93D4F8B050409B3B9A03FB02F0C000B4
S31500009CB002F026FE2865002837D0D4F8B030409A46
S31500009CC01A64D4F8B0303B9A5A64A56CAD000121F1
S31500009CD0284602F0AFFAC4F8D00000283FF46BAF74
S31500009CE00121284602F0A6FAC4F8D40000283FF461
S31500009CF062AF0121284602F09DFAC4F8D800002878
S31500009D0040F0068157E700233B647B64BB64FB6439
S31500009D103B65C4F8D030C4F8D430C4F8D830F7E086
S31500009D203E9BBB643F9BFB64BBE7294D2B68DB680E
S31500009D30342201212B4802F069FDD4F8B0802B684B
S31500009D40DD6800222B4BDDE90801F6F743FD0646E8
S31500009D500F463B98F6F7D4FC02460B46304639468A
S31500009D60F6F738FDCDE90201082301933B9B0093EA
S31500009D70409B42461C49284602F0CCFB1BE71A468C
S31500009D80D2F8DC30002BFAD1C2F8DC40204629B0EC
S31500009D90BDEC048BBDE8F08F3A9E012340930E93F1
S31500009DA000230D9358E6409B002B00F3D1800B9BBC
S31500009DB0409301230E9300230D934BE6AFF30080EF
S31500009DC00000000000000000000000000000F03F5E
S31500009DD0248BFF1FA4660100486701008865010007
S31500009DE0E8670100146801004C680100EC68010096
S31500009DF000630100000020400123A36404F14C032A
S31500009E006365B9F1000F3FF478AE1E60079B1E46EE
S31500009E1023666766002D3FF415AF10AE2F460FCFB1
S31500009E200FC60FCF0FC697E80F0086E80F00D5F8CC
S31500009E3000A095F804C0AE68D5F80C80D5F810E0FF
S31500009E406B69049395ED066B2F6A95ED0A7BCDF849
S31500009E5040A08DF844C01296CDF84C80CDF850E065
S31500009E60049B15938DED166B18978DED1A7B1CAD23
S31500009E700DF1400BBBE80F000FC5BBE80F000FC587
S31500009E809BE80F0085E80F008DF874C01E96CDF88C
S31500009E907C80CDF880E0049B21938DED226B249786
S31500009EA08DED267B04F168051CAE0FCE0FC50FCED7
S31500009EB00FC596E80F0085E80F00079D2846FFF7B7
S31500009EC0BBFB84F898002B46082D0CBF4FF400739B
S31500009ED00023C4F89C30389B002B14BF4FF400635A
S31500009EE00023C4F8A030C4F8A490B9F1000F0B9B6E
S31500009EF008BF0123C4F8A8300A9B002B7FF4AEAE3E
S31500009F00C4F8B030C4F8D030C4F8D430C4F8D8306F
S31500009F100023C4F8B430C4F8B830C4F8BC300D9B84
S31500009F20C4F8C0300E9BC4F8C430419BC4F8C83096
S31500009F304FF0FF33C4F8CC30429B002B3FF426AFE2
S31500009F400C9B1B685A69002A7FF41AAF5C611DE7F7
S31500009F500B9A40998A423FF715AE409201230E9321
S31500009F6000230D9372E5012340930E9300230D9376
S31500009F706CE500BF2DE9F04F2DED028BA9B005462B
S31500009F80149043EC182B9DF8E870409C03681C93D2
S31500009F900023389A13608821012002F04BF983468A
S31500009FA0002800F0B585022303641D900246399906
S31500009FB02846FFF783FA002F7AD0012228A941F814
S31500009FC0042D00230C933C9E0B963B9E0A96099308
S31500009FD008930793069105920492039302930193C3
S31500009FE000939DED3E3B984A38999DED362B9DEDAD
S31500009FF0341BB0EE480AF0EE680A2846FFF72CFC40
S3150000A000CBF84800002800F083858BF84470002CBC
S3150000A01000F09E8423681946119363681E93D4F852
S3150000A02008A0E3681593E3691693236A1793636A96
S3150000A0301893E36A1F93A36B2093236B2393636B9D
S3150000A0402593E36B2193236C2293636C24936369BA
S3150000A0501993A3691A9323691A461B93A36C139346
S3150000A0600023389803600123CBF84C30CBF854100A
S3150000A0701346CBF87C20002940F3D6801A7812923A
S3150000A080002A40F059851A46013351188B4205D0F3
S3150000A09013F8012B002AF9D0012312931E9BA3F17A
S3150000A0A00409139F002310931C461D4698467BE027
S3150000A0B00121B02002F0BEF80546CBF84800002882
S3150000A0C000F026850646DFF880C1BCE80F000FC603
S3150000A0D0BCE80F000FC6BCE80F000FC69CE80F00D7
S3150000A0E086E80F0000262E646E64AE64AE65EE65EB
S3150000A0F02E663046FFF7A0FA85F898003046FEF740
S3150000A100CBFF6866C5F89C60C5F8A0607DE70E9534
S3150000A1104FE0284652E0AC4655E0012658E00F9540
S3150000A1204FEA88020C953C9B0B933B9B0A931A9B28
S3150000A13003EB020ECDF824E0199B03EB020ECDF8DB
S3150000A14020E00F9B0793159B1A440692059659F833
S3150000A150042F0492CDF80CC00290019500919DED5C
S3150000A1603E3B0E9B394A38999DED362B9DED341BAF
S3150000A170B0EE480AF0EE680A1498FFF76DFB034646
S3150000A180002800F0AD83DBF85820002A30D0109A62
S3150000A190002A00F0A583C2F8DC00B0440134303751
S3150000A1A01093119BA34226D0169B002BAFD01B5DAC
S3150000A1B00E93179B002BACD053F82400189B002B52
S3150000A1C0A9D053F824C0BAF1000FA6D05AF82460DB
S3150000A1D0139B002B14BF39460021129B002B9ED0E7
S3150000A1E01B9B1A5D002A14BF022301230F9397E7D6
S3150000A1F0CBF85800D1E7129BC3B1DBF84C300133E2
S3150000A200CBF84C3001238BF87830B02311990A46ED
S3150000A21003FB01F30F93002940F3928400242346A5
S3150000A2200121154650460BE00023129300238BF8BC
S3150000A2307830EAE750F82320144401339D4207D0D2
S3150000A2400028F7D10A46F7E7A0650100C0620100C1
S3150000A2508246E60001210F9DA81901F0EBFFCBF81D
S3150000A2605C00002800F03C8343190E93002C0BDDA4
S3150000A270159A151F1C461E4455F8040FF6F740FAAA
S3150000A280E4E80201B442F7D1119B002B40F361844C
S3150000A2900026DFF8209409F1C008DBF85C40B02303
S3150000A2A003FB0644BAF1000F3FD05AF8267009F1B5
S3150000A2B0800E2546F446BCE80F0028606960AA6057
S3150000A2C0EB60E6461035C445F4D101232364676488
S3150000A2D0A36404F14C036365E7640E9DA565002342
S3150000A2E0E36523661846FFF7A7F984F8980000206F
S3150000A2F0FEF7D2FE60660023C4F89C30C4F8A03096
S3150000A30005EBC7030E930136119BB342C5D1DBF8AB
S3150000A3104C300133CBF84C301F9B002B79D01F9B60
S3150000A3201D1F00263446119F05E00127BFE70134B3
S3150000A330A74240F3208455F8040F0028F7D0F6F71B
S3150000A34027FF0644F3E72968C95C22F8021B01339C
S3150000A3506345F8D100EB0E0401370436B8450DDD30
S3150000A360354630680028F7D0F6F712FF84460028F5
S3150000A370F2DDA64609EB44020023E4E71F9B1F1FFC
S3150000A3804FF00008CDF838A0DDF844A0DBF86040B7
S3150000A390B02303FB084457F8040FF6F7F9FE864688
S3150000A3A0C44B03F1C00C254666460FCE2860696093
S3150000A3B0AA60EB60B4461035BF4B9E42F4D11EF145
S3150000A3C0000318BF01232364C4F844E0C4F858907E
S3150000A3D00023E3650123A36404F14C036365C4F819
S3150000A3E04CE00423236684F8983002236366002336
S3150000A3F0C4F89C30C4F8A03009EB4E0908F10108F6
S3150000A400C245C3DCDDF838A0DBF84C300133CBF8AD
S3150000A4104C30209B002B00F09B80119A002A40F3C1
S3150000A420EA831E990B4601EB8201002453F8042BA4
S3150000A43014448B42FAD1E60001210F9DA81901F0C0
S3150000A440F9FECBF86400002800F04A8200EB05080C
S3150000A450002C0BDD209B1D1F4446464455F8040F77
S3150000A460F6F74EF9E4E80201A642F7D11E9BA3F1E6
S3150000A4700409AAF1040A00263746CDF838B0DDF8FB
S3150000A48054B032E004F14C036365636D0BEB860256
S3150000A4905BF826101960A36C012B09DD012352F825
S3150000A4A0040F616D41F823000133A16C8B42F6DB8A
S3150000A4B0C4F858800025E56525662846FFF7BCF8F0
S3150000A4C084F898002846FEF7E7FD6066C4F89C50BD
S3150000A4D0C4F8A05059F8043F08EBC3085AF8043FE3
S3150000A4E01E440137119BBB422BD00E9B5C6EB023E2
S3150000A4F003FB07446F4B03F5A07E2546F446BCE8F4
S3150000A5000F0028606960AA60EB60E64610356B4B69
S3150000A5109C45F3D1D9F80430003318BF01232364D6
S3150000A520D9F804306364DAF80400A0640228A9DDCF
S3150000A530042101F07FFE60650028A6D1DDF838B061
S3150000A540CEE1DDF838B0DBF84C300133CBF84C30D7
S3150000A550239F002F00F08D803846F6F719FE04463B
S3150000A5601090450001210F9E701901F063FECBF893
S3150000A5706800002800F0B48100EB060E002C0BDD0D
S3150000A5803B46AEF10202394621440C4613F8011B44
S3150000A59022F8021FA342F9D1119B002B64DD00278C
S3150000A5A0B9464FF0040A1395CDF838B0DDF894B0EB
S3150000A5B024E05BF82830003318BF012323645BF8DE
S3150000A5C0283063640122A26404F14C026265E364EC
S3150000A5D0C4F858E0C4F85C90C4F860A084F898A069
S3150000A5E002236366C4F89C90C4F8A0905BF82830F8
S3150000A5F05B009E440137119BBB4233D0B8460E9B8D
S3150000A6009C6EB02303FB07442A4B03F5807C25464A
S3150000A61066460FCE28606960AA60EB60B4461035C6
S3150000A620274B9E42F4D1BBF1000FC2D1109A131CE6
S3150000A63018BF0123236462640123A36404F14C035D
S3150000A6406365E264C4F858E0C4F85C90C4F860A09E
S3150000A65084F898A002236366C4F89C90C4F8A0907E
S3150000A660139BC6E7DDF838B0DBF84C300133CBF886
S3150000A6704C30219B002B00F09C80119A002A0FDDA4
S3150000A6801C4603EB8206002502E0A64200F0888203
S3150000A69054F8040B0028F8D0F6F77AFD0544F4E7E1
S3150000A6A001210F9801F0C6FDCBF86C00002866D199
S3150000A6B016E100BFC0620100C063010040640100F2
S3150000A6C0006401002968C95C22F8021B0133634556
S3150000A6D0F8D100EB0E0401370436B8450DDD3546DA
S3150000A6E030680028F7D0F6F753FD84460028F2DDDF
S3150000A6F0A6460AEB44020023E4E7219B1F1F4FF006
S3150000A7000008DFF83893DBF86C40B02303FB0844FD
S3150000A71057F8040FF6F73CFD864609F1800C2546EE
S3150000A72066460FCE28606960AA60EB60B4461035B5
S3150000A730B94B9E42F4D11EF1000318BF01232364D6
S3150000A740C4F844E00123A36404F14C036365C4F830
S3150000A7504CE0C4F858A00023E3650423236684F87C
S3150000A7609830022363660023C4F89C30C4F8A030F6
S3150000A7700AEB4E0A08F10108119B4345C3DCDBF8DE
S3150000A7804C300133CBF84C30129B73B1A34BCBF852
S3150000A7905030229B002B00F09480119A002A1DDD78
S3150000A7A01C4603EB8206002510E09D4BCBF850308B
S3150000A7B0EFE7129B1BB19B4BCBF85030E9E79A4B66
S3150000A7C0CBF85030E5E7B44200F0FE8154F8040BB4
S3150000A7D00028F8D0F6F7DCFC0544F4E701210F98D1
S3150000A7E001F028FDCBF8700000285ED178E02968DA
S3150000A7F0C95C22F8021B01336345F8D10EEB000455
S3150000A80008F101080436C1450DDD354630680028DB
S3150000A810F6D0F6F7BDFC84460028F1DDA64607EB28
S3150000A82044020023E3E7229BA3F104084FF000094A
S3150000A830DFF8E8A1DBF87040B02303FB094458F8C1
S3150000A840040FF6F7A5FC86460AF5A07C2546664663
S3150000A8500FCE28606960AA60EB60B4461035734B72
S3150000A8609E42F4D11EF1000318BF01232364C4F8ED
S3150000A87044E00123A36404F14C036365C4F84CE08F
S3150000A880A7650023E3650423236684F89830022332
S3150000A89063660023C4F89C30C4F8A03007EB4E076B
S3150000A8A009F10109119B4B45C4DCDBF84C3001333F
S3150000A8B0CBF84C30129B002B00F0AA80574BCBF8FC
S3150000A8C05030249B002B43D0119BDC0001210F9BB1
S3150000A8D0181901F0AFFCCBF87400002840F0B080E6
S3150000A8E0534B1B681D9A5349D86801F013FE389BD9
S3150000A8F01B68002B00F0FB80DBF85800FEF732FCEB
S3150000A900DBF8600008B102F003F8DBF8640008B178
S3150000A91001F0FEFFDBF85C0008B101F0F9FFDBF89F
S3150000A920680008B101F0F4FFDBF86C0008B101F033
S3150000A930EFFFDBF8700008B101F0EAFFDBF8740006
S3150000A94008B101F0E5FF389B1B68002B40F0E08062
S3150000A950419B002B54D01846F6F71AFC05464000DA
S3150000A9600121B03001F066FC0446CBF880000028D7
S3150000A97000F0CE800646304F0FCF0FC60FCF0FC662
S3150000A9800FCF0FC697E80F0086E80F00002D14BF03
S3150000A99001230023236465644FF00103A36404F1DB
S3150000A9A04C036365E56404F1B00009DD419A04F1E6
S3150000A9B0AE03154412F8011B23F8021F9542F9D184
S3150000A9C0DBF880309865DBF880200023D365DBF860
S3150000A9D0801004220A66DBF8801081F89820DBF8E4
S3150000A9E0802002215166DBF88020C2F89C30DBF81B
S3150000A9F08020C2F8A030DBF840300133CBF840307D
S3150000AA001C9B9A69002A77D11C9BC3F818B079E081
S3150000AA10034BCBF8503054E760660100785F0100C5
S3150000AA203C610100C062010044640100F86001005D
S3150000AA30248BFF1F105F010020660100A065010046
S3150000AA400F9B1844119B002B4BDD249B5E1E0F9021
S3150000AA500444054616F8010FF5F742FEE5E8020143
S3150000AA60AC42F7D100260E96DFF8AC9109F5E07AF4
S3150000AA704FF001083746DBF87440344409F5C07ED0
S3150000AA802546F446BCE80F0028606960AA60EB60C2
S3150000AA90E6461035D445F4D1C4F84080C4F8448065
S3150000AAA0C4F848800F9DA565E76527663846FEF71A
S3150000AAB0C3FD84F89800082363664FF40073C4F856
S3150000AAC09C30C4F8A070C4F8A470C4F8A8800E9B8B
S3150000AAD001330E93B0362A4608320F92119A9A42E3
S3150000AAE0C9D1DBF84C300133CBF84C3030E7474B5B
S3150000AAF0389A136000E71A46D2F88430002BFAD150
S3150000AB00C2F884B0584629B0BDEC028BBDE8F08F80
S3150000AB103F4B1B68399A3F49D86801F0FBFC389BCC
S3150000AB201B682BB15846FEF759FB4FF0000BE9E7BF
S3150000AB30364B389A1360F5E701231293FFF7AEBA46
S3150000AB4001210F9801F076FBCBF85C0000283FF45A
S3150000AB50C7AEDBF84C300133CBF84C301F9B002BD3
S3150000AB6045D001210F9801F065FBCBF86000002865
S3150000AB707FF44AACB4E601210F9B03EB460001F0DB
S3150000AB8059FBCBF8600000283FF4AAAE0F9B00EB00
S3150000AB9003091F9E00242746DDF84480FFF7E0BB2B
S3150000ABA001210F9B03EB450001F044FBCBF86C0041
S3150000ABB000283FF495AE0F9B00EB030A219E00246C
S3150000ABC02746DDF844808AE501210F9B03EB45000B
S3150000ABD001F030FBCBF8700000283FF481AE0F9BEC
S3150000ABE0C718229E0024A046DDF844900DE6209B5F
S3150000ABF0002B3FF4ADAC01210F9801F01BFBCBF805
S3150000AC00640000287FF49FAC6AE600BF88650100F7
S3150000AC10248BFF1F545F0100785F01002DE9F04F80
S3150000AC202DED068BA9B00F90B0EE409AF0EE609A2B
S3150000AC30B0EE41AAF0EE61AAB0EE428AF0EE628A68
S3150000AC40109106694569C768022F14BF4FF00008C6
S3150000AC504FF0010800230B602021012001F0EAFAE1
S3150000AC601590002834D00F9A15991160D26913787F
S3150000AC70002B40D10F990A6A1378002B40F03682D8
S3150000AC804B6A1B78002B00F066820F9B1C6B002F13
S3150000AC9000F031820F9B5B6A00220D920C948DEDC1
S3150000ACA00A8B089501220792CDF818800593109B10
S3150000ACB004938DED028B8DED00AB53EC192B0F98A1
S3150000ACC0FFF758F9159B1861002840F04482DFE130
S3150000ACD0894B109C2360894B1B68DB68302201215D
S3150000ACE0874801F093FD2368002B40F0EC81824BEE
S3150000ACF0109A1360E7E1012128A840F8401D0C9145
S3150000AD000B950A96002309930893079306900591DD
S3150000AD1004910393029301930093B0EE483AF0EE48
S3150000AD20683A1099B0EE482AF0EE682AB0EE4A1A50
S3150000AD30F0EE6A1AB0EE490AF0EE690A0F98FEF7CD
S3150000AD408BFD159B1860002894D1A1E10023D7E163
S3150000AD50A36823B1D3F80090D4F80CA0E5E14FF036
S3150000AD600109F9E70027E5E14FF00008E8E10123D2
S3150000AD700C930B950A960023099308930793CDF835
S3150000AD8018A0CDF81490189904910393CDF8088073
S3150000AD9001930094B0EE483AF0EE683A3B461099BB
S3150000ADA0B0EE482AF0EE682AB0EE4A1AF0EE6A1AB9
S3150000ADB0B0EE490AF0EE690A0F98FEF74DFD159BB5
S3150000ADC05860002840F0C18162E101230C930B9585
S3150000ADD00A930023099308930793CDF818A0CDF89A
S3150000ADE01490189904910393CDF808800193009468
S3150000ADF0B0EE483AF0EE683A3B461099B0EE482A73
S3150000AE00F0EE682AB0EE4A1AF0EE6A1AB0EE490A77
S3150000AE10F0EE690A0F98FEF71FFD159B18610028D2
S3150000AE2040F0998134E100230D930C948DED0A8B4B
S3150000AE3008950796CDF818800592109B04938DED22
S3150000AE40028B8DED00AB53EC192B0F9E3046FFF7AE
S3150000AE5091F8159B5860002800F01A81736A1A78D9
S3150000AE60002A00F0788117E74FF0010A9BE1224B98
S3150000AE70109A1360E5E00421504601F0DBF9C8F8AA
S3150000AE800C00002840F09E811B4B109A1360D8E0FE
S3150000AE903F248EE0119B002B40F0AB80BAF1010FEE
S3150000AEA040F09B80D9F8040003681793D9F8003066
S3150000AEB0012B0ADD012150F8042F179B1344179329
S3150000AEC00131D9F800309942F5DB012B09D017A8DA
S3150000AED04FF0010CD9F81C301B78D9F820201268E5
S3150000AEE017E0D9F8083023B1D3F800C0D9F80C0020
S3150000AEF0F0E74FF0010CF9E788650100248BFF1F8E
S3150000AF00846B01004FF0010CD068D3691B78126A7C
S3150000AF101268D8F80C4001210C9113990B911299E3
S3150000AF200A910997089707970690CDF814C01799C4
S3150000AF3004910397029201974C2202FB0592926CB0
S3150000AF400092B0EE483AF0EE683A18AA1099B0EEC0
S3150000AF50482AF0EE682AB0EE4A1AF0EE6A1AB0EE07
S3150000AF60490AF0EE690A0F98FEF776FC44F82500C8
S3150000AF70D8F80C3053F82530002B62D00135002E5E
S3150000AF8000F0AB8033782C2B00F0A4800E960BF1EA
S3150000AF90010BD34500F01D812C210E9C601C02F094
S3150000AFA0E4F9064600283FF473AF041B3F2CA8BF04
S3150000AFB03F2422460E9918A802F0F9F928AB1C4442
S3150000AFC004F8407CBAF1010F7FF764AF149B53F885
S3150000AFD02B30002BD3D0119B5BB94C2202FB059280
S3150000AFE053681B6817939368002B8BD0D3F800C067
S3150000AFF08AE7D8F80C400D974C2303FB05930C9376
S3150000B0008DED0A8B139B0893129B0793119B022BC2
S3150000B01014BF00230123069318AB0593109B0493DA
S3150000B0208DED028B8DED00AB53EC192B0F98FEF7CF
S3150000B030A1FF44F82500D8F80C3053F82530002B32
S3150000B0409CD1684B1B68DB6830220121664801F001
S3150000B050DDFB109B1B68002B41D0B8F1000F14D00C
S3150000B060D8F81400FEF77EF80024C8F81440D8F883
S3150000B0701800FEF7B3F8C8F81840D8F80C0008B165
S3150000B08001F046FC0023C8F80C30109B1868E0B1AC
S3150000B090544B1B68DB6830220121534801F0B6FB94
S3150000B0A0109B1B68002B00F09880159D6869FEF7C1
S3150000B0B059F800246C61A869FEF790F8284601F05B
S3150000B0C027FC0F9B1C60109B186829B0BDEC068BF3
S3150000B0D0BDE8F08F731C0E9359E70E9657E7434B66
S3150000B0E0109A1360B8F1000FBAD1D1E70F9B1C6B11
S3150000B0F0002F7FF498AE6768002F3FF427AE3B68B9
S3150000B10018932368012B09DD012057F8041F189BAB
S3150000B1100B441893013023688342F6DC012B3FF47D
S3150000B12017AE0DF1600A4FF00109E369002B3FF4F9
S3150000B13019AE1F78236A002B3FF416AED3F80080B1
S3150000B140A46C1378002B7FF412AE0F9B5A6A137807
S3150000B150002B7FF43AAE0F9C236912936369139315
S3150000B160E3681193D4F800800023109A1360A36A51
S3150000B17018460E931B7863B32C2102F0F6F8A368E9
S3150000B1801493D4F83490034600283FF46DAE4FF084
S3150000B190010A2C242146581C02F0E7F80AF1010A9C
S3150000B1A003460028F6D1C8F808A0119B002B7FF4AF
S3150000B1B062AE0421504601F03DF8C8F80C000028A4
S3150000B1C03FF455AEBAF1000F03DD0025AB462F461E
S3150000B1D0E2E60020109B186077E7044B109A136094
S3150000B1E063E700BF248BFF1F846B010088650100A5
S3150000B1F02DE9F04F2DED088BA5B0834619910892E5
S3150000B200436E1C46D0F8A4301E93002B36D0D0F8DF
S3150000B210A8301593DBF8443009939BF86030184644
S3150000B2201093DBF8A0305BB3FDF75BFF1C90DBF8F7
S3150000B230483019460F93DBF854301F930022002341
S3150000B240CDE92223159B002B40F3F2851C9B03EBD3
S3150000B250D3735B10209301F18043013B9B00219344
S3150000B26004331A93002316931D9312931B93119381
S3150000B2709FEDA1BBDA46A34600F0D7BC0123C8E781
S3150000B2801C94D4E7DAF8C430012B09D00023CAF89D
S3150000B290B430DAF8B8300133CAF8B83000F0DBBCA5
S3150000B2A008995046FDF7D8FF00F0D5BC012216924A
S3150000B2B000F0E1BC036893F800E0DAF8D4B0A1EB43
S3150000B2C00C0359F8044F5BF8025004FB05F44BF8E5
S3150000B2D00340DAF8D840A2580EFB02F2E2500430DE
S3150000B2E0B14212D0C21B51F8043B022B05D0042BED
S3150000B2F007D0012BDED0C646DFE70368B3F800E0CF
S3150000B300DBE70368D3F800E0D7E7DDF81CB0DAF82E
S3150000B310B430099A03FB02F30BFB03F3DAF8586027
S3150000B320DAF8A020BAB1DAF85C201A440B92099A2E
S3150000B330002A40F32B845B441E44129A1A9B1A443B
S3150000B34017921B9AD31818934FF00009B0464B4634
S3150000B350D9469B4648E000220B92E8E754F8045C85
S3150000B3602D78DAF8D460F65891FBF6F6DAF8D07054
S3150000B370FE50DAF8D060F658B5421EDDDAF8D45041
S3150000B380EB5803FB16110138043CB0F1FF3F00F007
S3150000B3908F840EEB020352F8045D022D05D0042DB6
S3150000B3A007D0012DDAD06546DBE754F8045C2D881A
S3150000B3B0D7E754F8045C2D68D3E7DAF868304BBB5E
S3150000B3C0109B002B46D14E4BD3E900230799C1E9C8
S3150000B3D00023DAF8A030002B4AD10BF1010BC84448
S3150000B3E0099B5B4500F0D183A8EB09030793089BF3
S3150000B3F0002B00F073840F9B581E00F15984189C93
S3150000B400179A5946129B6FF00307FF1A4FF0000C6C
S3150000B410BE46BEE700240A9400F068BC159B119A4C
S3150000B42003FB04241C9B199A03FB04244A46214669
S3150000B430079801F09FFCDAF8A030002BCDD04A46E1
S3150000B440209BE1180B9C204601F094FC23464B44BC
S3150000B4500B93C2E7109B012B05D04A4600210798A3
S3150000B46001F0B0FCB5E7274B1B68079A1360B0E7FD
S3150000B4704A4600210B9C204601F0A4FC23464B447F
S3150000B4800B93AAE7E8B2FDF707FE14909AF86C70E2
S3150000B490DAF874300E93DAF878300C93DAF87C30F8
S3150000B4A013939AED20ABDAF888300D939AED248B3E
S3150000B4B0012300F039BC8DED048B0D9B02938DEDBD
S3150000B4C000AB139B0C9A0E996019FEF731F841EC0C
S3150000B4D0180B042F00F0058300F2AF82012F00F055
S3150000B4E0D282002F00F0B782022F00F0E282032FF3
S3150000B4F000F05984BAE200BF7327FD3ADD9ABFBF58
S3150000B500188BFF1F208BFF1F042D00F0428100F3D4
S3150000B5108580012D00F0C38041DD022D00F0FD8005
S3150000B520032D40F02682159B119A04FB0324149BDD
S3150000B53003FB04F4199B185DF5F7D2F853EC1A2BAC
S3150000B540F5F748F941EC100B0D9801F0DDFD53ECD1
S3150000B550182B51EC100BF4F787FF41EC190BDAF8B6
S3150000B560A030002B00F00B84149B03EBD373199AC5
S3150000B57002EB6303185DF5F7B3F853EC1A2BF5F7F6
S3150000B58029F941EC100B0D9801F0BEFD53EC182B78
S3150000B59051EC100BF4F768FF41EC180B99E7002DFE
S3150000B5A040F0E781159B119A04FB0324149B03FBCF
S3150000B5B004F4199B2344D3E9002351EC1A0BF5F745
S3150000B5C009F941EC100B0D9801F09EFD53EC182B78
S3150000B5D051EC100BF4F748FF41EC190BDAF8A030E8
S3150000B5E0002B00F0CC83149B03EBD372199B2344EE
S3150000B5F003EB6203D3E9002351EC1A0BF5F7EAF8E3
S3150000B60041EC100B0D9801F07FFD53EC182B51EC1B
S3150000B610100BF4F729FF41EC180B5AE7062D00F042
S3150000B6203081C0F2F280072D00F06781082D40F0CE
S3150000B630A081159A119904FB021403FB04F4199BCB
S3150000B640185DF5F74DF853EC1A2BF5F7C3F841ECF6
S3150000B650100B0D9801F058FD53EC182B51EC100B04
S3150000B660F4F702FF41EC190BDAF8A030002B00F0DA
S3150000B6708683199B185DF5F733F853EC1A2BF5F70B
S3150000B680A9F841EC100B0D9801F03EFD53EC182B78
S3150000B69051EC100BF4F7E8FE41EC180B19E7159B7B
S3150000B6A0119A04FB0324149B03FB04F4199B234403
S3150000B6B01868F5F737F853EC1A2BF5F78BF841ECC9
S3150000B6C0100B0D9801F020FD53EC182B51EC100BCC
S3150000B6D0F4F7CAFE41EC190BDAF8A030002B00F0A3
S3150000B6E04E83149B03EBD372199B234403EB620333
S3150000B6F01868F5F717F853EC1A2BF5F76BF841ECC9
S3150000B700100B0D9801F000FD53EC182B51EC100BAB
S3150000B710F4F7AAFE41EC180BDBE6159B119A04FB25
S3150000B7200324149B03FB04F4199B1857F4F7E8FF52
S3150000B73053EC1A2BF5F74EF841EC100B0D9801F06F
S3150000B740E3FC53EC182B51EC100BF4F78DFE41EC97
S3150000B750190BDAF8A030002B00F01183149B03EBD1
S3150000B760D373199A02EB63031857F4F7C9FF53EC26
S3150000B7701A2BF5F72FF841EC100B0D9801F0C4FCCD
S3150000B78053EC182B51EC100BF4F76EFE41EC180B32
S3150000B7909FE6159B119A04FB0324149B03FB04F4F8
S3150000B7A0199B185FF4F7ACFF53EC1A2BF5F712F858
S3150000B7B041EC100B0D9801F0A7FC53EC182B51EC43
S3150000B7C0100BF4F751FE41EC190BDAF8A030002B00
S3150000B7D000F0D582149B03EBD373199A02EB630333
S3150000B7E0185FF4F78DFF53EC1A2BF4F7F3FF41ECD7
S3150000B7F0100B0D9801F088FC53EC182B51EC100B34
S3150000B800F4F732FE41EC180B63E6159B119A04FB24
S3150000B8100324149B03FB04F4199B185BF4F760FFE5
S3150000B82053EC1A2BF4F7D6FF41EC100B0D9801F0F0
S3150000B8306BFC53EC182B51EC100BF4F715FE41EC96
S3150000B840190BDAF8A030002B00F09982149B03EB59
S3150000B850D373199A02EB6303185BF4F741FF53ECB9
S3150000B8601A2BF4F7B7FF41EC100B0D9801F04CFCC6
S3150000B87053EC182B51EC100BF4F7F6FD41EC180BBA
S3150000B88027E6159B119A04FB0324149B03FB04F47F
S3150000B890199B1859F4F734FF53EC1A2BF4F79AFF57
S3150000B8A041EC100B0D9801F02FFC53EC182B51ECCA
S3150000B8B0100BF4F7D9FD41EC190BDAF8A030002B88
S3150000B8C000F05D82149B03EBD373199A02EB6303BA
S3150000B8D01859F4F715FF53EC1A2BF4F77BFF41ECDC
S3150000B8E0100B0D9801F010FC53EC182B51EC100BBB
S3150000B8F0F4F7BAFD41EC180BEBE5159B119A04FB26
S3150000B9000324149B03FB04F4199B1859F4F7E8FE6F
S3150000B91053EC1A2BF4F75EFF41EC100B0D9801F077
S3150000B920F3FB53EC182B51EC100BF4F79DFD41EC97
S3150000B930190BDAF8A030002B00F02182149B03EBE0
S3150000B940D373199A02EB63031859F4F7C9FE53EC43
S3150000B9501A2BF4F73FFF41EC100B0D9801F0D4FBC6
S3150000B96053EC182B51EC100BF4F77EFD41EC180B41
S3150000B970AFE50C9A0E9902FB01F5002DB8BF07350D
S3150000B980ED10159A119904FB021403FB04F4199B9C
S3150000B99005FB04348DED048B0D9B02938DED00ABFE
S3150000B9A0139B0C9A0E992046FDF7C2FD41EC190B2C
S3150000B9B0DAF8A030002B00F0E2818DED048B0D9BB0
S3150000B9C002938DED00AB139B0C9A0E996019FDF74F
S3150000B9D0AFFD41EC180B7CE5109B012B1ED9002214
S3150000B9E0002351EC180BF4F73FFD41EC190B002E28
S3150000B9F000F0C5810022002351EC180BF4F734FD4A
S3150000BA0041EC180B042F6CD00CD8012F3BD017B388
S3150000BA10022F4ED0032F00F0C6812CE0AE4B93EDE3
S3150000BA20009BE4E7062F00F0888070D3072F00F014
S3150000BA309A80082F00F0DA811DE0062F7DD066D3AC
S3150000BA40072F00F09080082F00F0D0810EE0B0EEB6
S3150000BA504B8AF0EE6B8A079B83ED009BDAF8A030E9
S3150000BA60002B3FF4BAAC0B9B83ED008BDAF8A030C9
S3150000BA70002B3FF4B2AC0B9B4B440B93ADE4B0EE02
S3150000BA804B8AF0EE6B8A51EC190BF5F79BF9079B85
S3150000BA901860DAF8A030002B3FF49FAC51EC180B7D
S3150000BAA0F5F790F90B9B1860E0E7B0EE4B8AF0EEE5
S3150000BAB06B8AC9F1000451EC190BF5F73BF908F84C
S3150000BAC00400DAF8A030002B3FF487AC51EC180BD9
S3150000BAD0F5F730F90B9B1870C8E7B0EE4B8AF0EE1D
S3150000BAE06B8A51EC190BF5F725F9079B1880DAF8E4
S3150000BAF0A030002B3FF471AC51EC180BF5F71AF996
S3150000BB000B9B1880B2E7B0EE4B8AF0EE6B8A51ECD5
S3150000BB10190BF5F737F9079B1880DAF8A030002BD8
S3150000BB203FF45BAC51EC180BF5F72CF90B9B188026
S3150000BB309CE7B0EE4B8AF0EE6B8A51EC190BF5F7E9
S3150000BB40F9F8079B1860DAF8A030002B3FF445ACF3
S3150000BB5051EC180BF5F7EEF80B9B186086E7B0EE84
S3150000BB604B8AF0EE6B8A51EC190BF5F70BF9079B34
S3150000BB701860DAF8A030002B3FF42FAC51EC180B0C
S3150000BB80F5F700F90B9B186070E7CB46089B002B76
S3150000BB903FD0169B002B3CDD129BA3F104091D9B95
S3150000BBA00793DDF86C8000252E46CDF828B01CE002
S3150000BBB0D8F800301878DAF8B030DAF8B4402C4407
S3150000BBC01F6D07EBC40BF4F79BFDCDE9220122ABF9
S3150000BBD003CB47F83400CBF804100136079B1D440D
S3150000BBE008F10408169BB34211D059F8043F022B02
S3150000BBF005D0042B07D0012BDAD00020DBE7D8F8DC
S3150000BC0000301888D7E7D8F800301868D3E7DDF891
S3150000BC1028B0DAF8B4300133CAF8B430119B0133D6
S3150000BC201193159A9A4200F00381DAF8CC30013369
S3150000BC30CAF8CC30DAF8C81093FBF1F201FB1233E4
S3150000BC40002BEBD1CAF8CC30DAF8B420DAF8403061
S3150000BC509A423FF417AB089B002B3FF458ABDAF837
S3150000BC60B0309A6C1B92DA6C12921E9A002A7FF4FC
S3150000BC701DAB5A6C16921B6C1D93DAF8D420012367
S3150000BC801360DAF8D82013600F9B012B7FF73FABC8
S3150000BC90129B9C461F9A151F1B980746219A9E18B1
S3150000BCA019464FF00008CDF81CB0A946FFF71ABB9D
S3150000BCB0DAF8D0502C680F9B012B10DD2B1DDAF81B
S3150000BCC0D8201A990D4453F8041B52F8040F00FBB0
S3150000BCD00144AB42F7D102E0188BFF1F5C46DAF84D
S3150000BCE06830002B3FF49AAB01230A93DAF87050C0
S3150000BCF0DAF8A060002E3FF4C5ABE8B2FDF7F1F923
S3150000BD0014909AF86C70DAF874300E93DAF878308A
S3150000BD100C93DAF87C3013939AED20ABDAF888307E
S3150000BD200D939AED248B02230A9A002A3FF454AE0F
S3150000BD300C9A012A7FF7E8AB0E9902FB01F5002D5C
S3150000BD40B8BF0735ED10159A119904FB021403FBD1
S3150000BD5004F4199B05FB04348DED048B0D9B0293B3
S3150000BD608DED00AB139B0C9A0E992046FDF7E0FB78
S3150000BD7041EC190BDAF8A030002B7FF49CAB042FB2
S3150000BD803FF4ABAE23D8012F3FF479AE002F3FF43A
S3150000BD905EAE022F3FF489AE032F7FF41EABB0EEEA
S3150000BDA04B8AF0EE6B8AC9F1000451EC190BF4F7DB
S3150000BDB0E9FF08F80400DAF8A030002B3FF40DABD9
S3150000BDC051EC180BF4F7DEFF0B9B18704EE6062FAE
S3150000BDD03FF4AFAEFFF497AE072F3FF4C0AE082F87
S3150000BDE07FF4FBAAB0EE4B8AF0EE6B8AC9F1000530
S3150000BDF04FF001040022002351EC190BF4F752FF17
S3150000BE0008B14FF0000408F80540DAF8A030002B1E
S3150000BE103FF4E3AA4FF001040022002351EC180B73
S3150000BE20F4F740FF08B14FF000040B9B1C701DE6B1
S3150000BE3025B0BDEC088BBDE8F08F00BF10B5426E93
S3150000BE40D0F8A030002B14BF02230123846E4CB11E
S3150000BE50806F02FB01F103FB01F100FB01F000F032
S3150000BE604FFD10BD0120F4E72DE9F04115461F46B0
S3150000BE709DF81880B1F1FF3F16D0836A53F8214030
S3150000BE80436853F82110A4B12846FFF7D7FF0646AA
S3150000BE903946A047424631462846FFF7A9F93046BB
S3150000BEA000F036FDBDE8F081836A1C6843681968B6
S3150000BEB0E9E7424639462846FFF79AF9BDE8F08198
S3150000BEC02DE9F04FAFB00546059114460668C768E0
S3150000BED0436B0493036B0393306800B17ABB002F66
S3150000BEE066D1706878B3D5F80490039AD2F80480C6
S3150000BEF01768D2F828A09CBB306950B1CDF800A0D5
S3150000BF003B4642464946FDF79FFB0346002840F064
S3150000BF10B080D6F80CB0BBF1000F00F01D81002CEC
S3150000BF2000F01C81D6F808A0AF68BAF1000F40F304
S3150000BF301781043F00252C464FF04C081EE00022D6
S3150000BF40FFF756F9CBE73369002BE2D0D5F804901A
S3150000BF50039AD2F804801768D2F828A03069CDE792
S3150000BF60CDF800A03B4642464946FDF76DFB034629
S3150000BF7000287ED1C0E70134A24517D057F8046FD8
S3150000BF80002EF8D05BF825904246049B08FB05314D
S3150000BF9008A800F0EFFE0023009333464A464FF010
S3150000BFA0FF3108A8FFF760FF0135E4E7002360E0F2
S3150000BFB07368002B37D0002C39D09F6DD3F854907E
S3150000BFC06C6893F8442042BBB9F1000F11DDA4F16F
S3150000BFD004080024A24658F8043FCDF800A03A46CB
S3150000BFE021460398FFF740FFD7F8DC700134A145DE
S3150000BFF0F1D1F268DAB1B3680693D5F808B0012B2F
S3150000C0003BD0002B13DD13688BB1DDF810900024B4
S3150000C010A04692460496079584E000220599986CFE
S3150000C020FFF7E6F8D0E7F2680AB1002CE3D13369EE
S3150000C030002B00F097809E6D5F6D93F84420002AD8
S3150000C04040F08480002F40F38F800024A046DDF866
S3150000C0500C906B6853F82430CDF8008032462146A8
S3150000C0604846FFF701FFD6F8DC600134A742F0D15D
S3150000C070002318462FB0BDE8F08F1368D3F8588018
S3150000C0805C6DDF6F93F844204AB9002CCFDDBA46C9
S3150000C09007EB040900242B464546984616E0002285
S3150000C0A00599986CFFF7A4F8EFE7013452F8043FBE
S3150000C0B0002BFAD017F8012B00922A460498FFF7B6
S3150000C0C0D3FE0134D5F8DC504F453AD0A7EB0A0130
S3150000C0D00BEB84025BF82430002BE6D0EAE70BEB8F
S3150000C0E084035BF8245025B9013453F8045F002D0E
S3150000C0F0FAD03F784C2249461BA800F03BFE009739
S3150000C1002B4632464FF0FF311BA8FFF7ADFE013438
S3150000C11008F10108069B434515D05AF8043F09F17A
S3150000C1204C095BB19E6DDF6F93F84420002AD6D090
S3150000C13000220599986CFFF75BF8D0E7049E079DEF
S3150000C14075E7454673E7049E079D70E7002205994B
S3150000C150986CFFF74DF875E700238AE7002388E718
S3150000C160002386E7002384E7002382E708B501223F
S3150000C170FFF7A6FE08BD042A17D900230360037142
S3150000C1800B780278134303704B784278134343705D
S3150000C1908B78827813438370C3780A791343C3700C
S3150000C1A08B881B120371052070476FF015007047CE
S3150000C1B008B551EC100BF4F7E5FDC0B208BD08B5A3
S3150000C1C051EC100BF4F7DEFDC0B208BD08B551EC1A
S3150000C1D0100BF4F7D7FDC0B208BD08B551EC100B33
S3150000C1E0F4F7D0FD80B208BD032A0BD90B78037093
S3150000C1F04B7843708B784380CA7843EA02234380A6
S3150000C200002070476FF015007047012A0FD90B7890
S3150000C21003F0030303700B78C3F3810343700B78B9
S3150000C220C3F3011383704B78C370002070476FF01F
S3150000C23015007047024B0A460146186800F002B81E
S3150000C240248BFF1F10B5514300F06AFB044698B1DA
S3150000C25050F8042C22F00302043A242A1BD8132A8D
S3150000C26017D900211B2A0160416007D800F1080395
S3150000C27000221A605A609A60204610BD242A816006
S3150000C280C16011BF00F11003016100F118034161A3
S3150000C290EEE70346ECE7002100F094FDECE7000032
S3150000C2A008B50021044603F00BF9044B1868C36B6C
S3150000C2B003B19847204604F01DFE00BFE86B01005D
S3150000C2C070B505460C4611B90026304670BD18B14A
S3150000C2D0836B0BB900F0FCF8B4F90C30002BF3D0EB
S3150000C2E02146284600F026F8E36A064633B1E1699E
S3150000C2F0284698470028B8BF4FF0FF36A3891B068B
S3150000C30003D52169284600F067F9216B41B104F194
S3150000C3104003994202D0284600F05EF900232363C9
S3150000C320616C21B1284600F057F9002363640023AD
S3150000C330A381CAE7B1F90C2093B22DE9F041054675
S3150000C34018070C4661D44B6842F40062002B8A81C0
S3150000C35005DCCB6B002B02DC0020BDE8F081A66A71
S3150000C360002EF9D0002312F480522F682B6037D0AC
S3150000C370206DA3895A0705D56368C01A236B0BB1D4
S3150000C380E36BC01A00230246A66AE1692846B04755
S3150000C390431CA38906D129681D294FD82D4ACA40B6
S3150000C3A0D6074BD523F400631BB200226260D90482
S3150000C3B02269A381226004D5421C01D12B6803B9EE
S3150000C3C02065216B2F600029C6D004F140039942F5
S3150000C3D002D0284600F000F900202063BDE8F08175
S3150000C3E0E16901232846B047411CC2D12B68002BC6
S3150000C3F0BFD01D2B01D0162B01D12F60ACE7A3892E
S3150000C40043F04003A381BDE8F0810F69002FA3D05C
S3150000C4109B070E6808BF4B690F6018BF0023A6EB89
S3150000C42007088B60B8F1000F96DD43463A46E1698E
S3150000C430666A2846B047002807DCA38943F0400314
S3150000C440A3814FF0FF30BDE8F0810744A8EB000858
S3150000C450E8E700BF0100402038B50D46044618B194
S3150000C460836B0BB900F034F8B5F90C0028B12946F6
S3150000C4702046BDE83840FFF75DBF38BD002310B544
S3150000C480044603604360836081810366C281036161
S3150000C4904361836119460822583000F093FC054B2E
S3150000C4A02362054B6362054BA362054BE461E362BD
S3150000C4B010BD00BFE5D2000007D300003FD3000047
S3150000C4C063D30000014900F055B900BFC1C20000A6
S3150000C4D0826B10B50446D2B90D4BC3630323C0F873
S3150000C4E0E43200F53B73C0F8E832C0F8E0220421DC
S3150000C4F04068FFF7C3FF01220921A068FFF7BEFFCE
S3150000C50002221221E068FFF7B9FF0123A36310BDE1
S3150000C510C5C400000EB403B5014603AB054853F885
S3150000C520042B0068019301F033FF02B05DF804EBC1
S3150000C53003B07047248BFF1FF8B5244F0C46064600
S3150000C54000F048FCBB685D68C4F57E6425F0030511
S3150000C5500F342C4424F47F6424F00F04A4F5805493
S3150000C560B4F5805F04DA304600F035FC0020F8BDF3
S3150000C5700021304600F0B8FDBB682B449842F2D14A
S3150000C5806142304600F0B0FD013010D10021304646
S3150000C59000F0AAFDBA68831A0F2BE4DD0C4909687E
S3150000C5A0401A0C4943F0010308605360DBE7BB689F
S3150000C5B0084A2D1B45F001055D60136830461C1BBB
S3150000C5C0146000F008FC0120F8BD00BF408FFF1F7B
S3150000C5D04893FF1FA80B00202DE9F041044688462A
S3150000C5E0002900F0AB8000F0F5FB58F8042C544D00
S3150000C5F022F00100A8F108031F18A9687E688F427F
S3150000C60026F0030602F001021BD130443AB958F86D
S3150000C610082C9B1A10449968DA68CA60916040F049
S3150000C62001025A60AB60474B1B68984204D3464BE5
S3150000C63020461968FFF780FF2046BDE8F04100F06C
S3150000C640CABB7E60002A39D158F8081C5B1A084418
S3150000C650996805F1080C614532D0D3F80CC0C1F8D1
S3150000C6600CC0CCF80810B9194968C9070AD4304477
S3150000C670B9683ABB354EB14224D16B612B610122B8
S3150000C680D960996040F0010159601850002AD3D151
S3150000C690B0F5007F1AD2C008811001228A4069686D
S3150000C6A001300A436A6005EBC00255F83010996004
S3150000C6B0083ADA6045F83030CB60BDE70022D2E7B1
S3150000C6C00122D0E7FE68CE60B160DBE7420A042AA9
S3150000C6D013D882093832511C05EBC20655F83110C1
S3150000C6E08E4224D10120921000FA02F268680243B9
S3150000C6F06A60DE609960B360DEE7142A01D85B32B7
S3150000C700E9E7542A02D8020B6E32E4E7B2F5AA7FB3
S3150000C71002D8C20B7732DEE740F254518A429ABF02
S3150000C720820C7C327E22D6E789688E4204D04A6823
S3150000C73022F003029042F7D3CE68DAE7BDE8F08133
S3150000C740408FFF1F4C93FF1FD80B0020488FFF1F01
S3150000C75038B5074C0023054608461146236004F009
S3150000C76093FB431C02D1236803B12B6038BD00BF85
S3150000C770DC0B00202DE9F8438046894600F5387425
S3150000C780002614B93046BDE8F883A5686768013FFE
S3150000C79001D52468F5E7AB89012B07D9B5F90E3029
S3150000C7A0013303D029464046C84706436435EEE7C1
S3150000C7B02DE9F04186B002FB03F41E4601AB03935C
S3150000C7C0012317460C9D019102940594049380461B
S3150000C7D018B1836B0BB9FFF77BFEB5F90C209304F8
S3150000C7E006D42B6E42F4005223F40053AA812B6622
S3150000C7F003AA2946404603F003FD18B1059BE41A37
S3150000C800B4FBF7F6304606B0BDE8F08107B50093F5
S3150000C81013460A46014603480068FFF7C9FF03B0FE
S3150000C8205DF804FB248BFF1F70B50E46B1F90E10A0
S3150000C830002996B014461D4609DAB389002213F082
S3150000C84080002A6016D14FF48063236015E06A46A3
S3150000C850FFF77EFF0028F0DB019A02F47042A2F592
S3150000C86000535A425A414FF480632A604FF40060E5
S3150000C870236002E040232360104616B070BD00001E
S3150000C8808B8973B59D0706460C4607D504F143030D
S3150000C890236023610123636102B070BD01AB6A4668
S3150000C8A0FFF7C2FF00990546304600F039F848B94F
S3150000C8B0B4F90C309A05EFD423F0030343F00203D6
S3150000C8C0A381E3E70D4BF363A389206043F0800364
S3150000C8D0A381009B6361019B20615BB1B4F90E10DB
S3150000C8E0304603F0DBFD28B1A38923F0030343F0B0
S3150000C8F00103A381A3891D43A581CDE7C5C400001B
S3150000C900024B0146186800F00BB800BF248BFF1FCE
S3150000C910024B01461868FFF75FBE00BF248BFF1F5E
S3150000C9202DE9F74F01F10B05162D064606D935F010
S3150000C930070504D50C233360002445E110258D42FC
S3150000C940F8D3304600F046FAB5F5FC7FA54F39D24C
S3150000C95005F108023A44A2F1080154688C424FEAF4
S3150000C960D50302D1D468A24210D06368E268A168F8
S3150000C97023F00303CA60234491605A6842F001021F
S3150000C9805A60304600F027FA08341DE10233964A11
S3150000C9903C699442114675D0606820F00300A0EB14
S3150000C9A0050CBCF10F0F48DD631945F00105656004
S3150000C9B07B613B61DA609A604CF001025A6044F890
S3150000C9C000C0DEE76B0A2AD0042B12D8AB09383335
S3150000C9D05A1C07EBC202A2F108005468844206D032
S3150000C9E0626822F00302511B0F291CDD013B013353
S3150000C9F0CDE7142B01D85B33EAE7542B02D82B0B77
S3150000CA006E33E5E7B3F5AA7F02D8EB0B7733DFE7A2
S3150000CA1040F25452934204D8AB0C7C33D8E73F2300
S3150000CA20D6E77E23D4E70029E16804DBA368D96052
S3150000CA308B60A318A1E70C46D0E7BCF1000F7A6122
S3150000CA403A6105DB2044436843F00103436098E7FD
S3150000CA50B0F5007F4BD2C0084FEAA00C012202FAC3
S3150000CA600CFC7A6801304CEA02027A6007EBC002DD
S3150000CA7057F830C0C4F808C0083AE26047F83040BA
S3150000CA80CCF80C4001209A1000FA02F27868824233
S3150000CA9000F2AC80024206D123F0030352000242A8
S3150000CAA003F10403FAD007EBC308C1469E46D9F842
S3150000CAB00C404C455AD10EF1010E1EF0030F09F140
S3150000CAC00809F4D1980740F085807B6823EA0203C1
S3150000CAD07B6078685200824200F28880002A00F06B
S3150000CAE0858073460242DED104335200FAE7420AD9
S3150000CAF0042A17D88209383202F1010C07EBC20E5C
S3150000CB0057F83CC0E64528D10120921000FA02F2FF
S3150000CB10786810437860C4F80CE0C4F808C0CEF812
S3150000CB200840ADE7142A01D85B32E5E7542A02D85B
S3150000CB30020B6E32E0E7B2F5AA7F02D8C20B77325B
S3150000CB40DAE740F2545C62459ABF820C7C327E2260
S3150000CB50D2E7DCF808C0E64505D0DCF8042022F070
S3150000CB6003029042F5D3DCF80CE0D4E76068D4F811
S3150000CB700CC020F00300A0EB050ABAF10F0F12DD7E
S3150000CB80A268631945F001056560C2F80CC0CCF8CF
S3150000CB9008204AF001027B613B61D96099605A60C6
S3150000CBA044F800A0EDE6BAF1000F11DB204443681B
S3150000CBB043F00103436054F8083F3046C3F80CC005
S3150000CBC0CCF8083000F007F9204603B0BDE8F08F36
S3150000CBD064466EE758F80809804503F1FF333FF4D1
S3150000CBE071AF76E7408FFF1F488FFF1FD7F808A069
S3150000CBF0DAF8044024F00308454504D8A8EB0503F9
S3150000CC000F2B00F3A380564A1468564A0192116806
S3150000CC102C4401311DBF04F580540F3424F47F6485
S3150000CC20103418BF24F00F040AEB080321463046DF
S3150000CC30009300F059FAB0F1FF3F83465BD0009BAA
S3150000CC40019A834201D9BA4555D1474801685B45E7
S3150000CC5021440160814614D1C3F30B0088B9BB6837
S3150000CC60444444F001045C60404AD9F8003011683D
S3150000CC708B4288BF13603E4A11688B4288BF13609F
S3150000CC8039E0106801301BBFABEB03035B18C2F839
S3150000CC9000B0C9F800301BF007031ABFC3F1080241
S3150000CCA093441A465C44121BC2F30B0211463046EB
S3150000CCB00193009200F018FA431C9DE80C0004D181
S3150000CCC03BB3A3F1080020440022D9F80030C7F88E
S3150000CCD008B0A0EB0B001344024442F00102BA452F
S3150000CCE0C9F80030CBF80420BED0B8F10F0F13D826
S3150000CCF00123CBF80430BB685A6822F00302954240
S3150000CD00A2EB050301D80F2B20DC304600F063F8B8
S3150000CD1012E620461A46D8E7DAF80430A8F10C08DD
S3150000CD2028F0070803F0010343EA0803CAF80430B1
S3150000CD300AEB08030522B8F10F0F5A609A6093D9DF
S3150000CD400AF108013046FFF747FC8DE7BC6845F05D
S3150000CD500102254443F001036260BD606B6010E68A
S3150000CD60D80B00204893FF1FA80B0020D00B0020F3
S3150000CD70D40B00200A44914200F1FF3300D17047E2
S3150000CD8010B511F8014B03F8014F9142F9D110BDCE
S3150000CD90884210B501EB020303D8421E99420CD11A
S3150000CDA010BD9842F9D28118D21AD34200D110BDD3
S3150000CDB013F8014D01F8014DF7E711F8014B02F8A0
S3150000CDC0014FEBE702440346934200D1704703F854
S3150000CDD0011BF9E770477047024B0A46014618687F
S3150000CDE000F002B8248BFF1F2DE9F74F82460C4650
S3150000CDF029B9114603B0BDE8F04FFFF791BD019286
S3150000CE00FFF7E8FF019A54F8045C02F10B08B8F149
S3150000CE10160FA4F1080925F003060AD938F0070809
S3150000CE2009D50C23CAF800300027384603B0BDE800
S3150000CE30F08F4FF010089045F3D3B04540F345818D
S3150000CE40A84BD3F808C009EB060161459B464B6821
S3150000CE5005D023F0010008444068C70747D423F0F3
S3150000CE600303614506EB030719D108F11000874259
S3150000CE703FDB09EB0803A7EB080747F00107CBF8F0
S3150000CE8008305F6054F8043C03F0010343EA0803EA
S3150000CE9044F8043C5046FFF79EFF2746C5E7B845D1
S3150000CEA027DCCB688A68D3609A60A7EB08000F2856
S3150000CEB0D9F8043009EB070240F2098109EB0801B1
S3150000CEC003F0010343EA080340F00100C9F8043007
S3150000CED04860536843F00103536008315046FFF73A
S3150000CEE07BFB5046FFF777FF09F108079DE7002314
S3150000CEF01946E80700F1848054F8085CA9EB05059B
S3150000CF00686820F003003044002976D0614550D18E
S3150000CF10034408F110018B426FDB2F46EA6857F88D
S3150000CF20081FCA609160321F242A3BD8132A36D9BB
S3150000CF302168A9606168E9601B2A1CD805F1100206
S3150000CF4004F10801086810604868506089689160BB
S3150000CF5005EB0802A3EB080343F00103CBF8082016
S3150000CF6053606B6803F0010343EA08036B605046A5
S3150000CF70FFF731FF59E7A1682961E1686961242A51
S3150000CF8001BF2269AA616069E86119BF05F118024B
S3150000CF9004F1100105F1200204F11801D2E73A4626
S3150000CFA02146CFE7214638460193FFF7F1FE019B64
S3150000CFB0CEE7C718B84520DCCB688A68D3609A608C
S3150000CFC02846EB6850F8082FD3609A60321F242A4F
S3150000CFD042D8132A3ED92368AB606368EB601B2AEC
S3150000CFE024D805F1100004F108031A6802605A6893
S3150000CFF042609B688360A94657E780450746DFDDA8
S3150000D00011465046FFF78CFC07460028AFD054F86F
S3150000D010043C23F00103A0F108024B449A421FD1BD
S3150000D02050F8047C27F0030737443EE7A3682B61DA
S3150000D030E3686B61242A01BF2369AB616269EA6117
S3150000D04019BF05F1180004F1100305F1200004F1E1
S3150000D0501803CAE72346C8E72146FFF799FECAE741
S3150000D060321F242A2DD8132A28D92368036063681F
S3150000D07043601B2A0ED800F1080304F10802116868
S3150000D08019605168596092689A6021465046FFF7C8
S3150000D090A3FA6CE7A3688360E368C360242A01BF30
S3150000D0A0236903616169416119BF00F1100304F14D
S3150000D0B0100200F1180304F11802E0E703462246C5
S3150000D0C0DDE72146FFF764FEDFE73746EDE603F0CE
S3150000D0D001031F43C9F80470536843F0010353600A
S3150000D0E0FFE600BF408FFF1F38B5064C00230546FC
S3150000D0F00846236003F0E8FE431C02D1236803B10F
S3150000D1002B6038BDDC0B002010B52DED028BB0EE88
S3150000D110408AF0EE608A044603F0B6FCF8B10022BD
S3150000D120002351EC180BF3F7BDFDC0B9B0EE480A69
S3150000D130F0EE680A204600F04FF8B0EE408AF0EEB6
S3150000D140608A03F0A1FC30B10022002351EC180BD9
S3150000D150F3F7A8FD18B103F04DF822230360B0EEF3
S3150000D160480AF0EE680ABDEC028B10BD0CB430B56F
S3150000D170174B0C1E9BB01D6808DA8B232B604FF0F3
S3150000D180FF301BB0BDE8304002B070474FF4027369
S3150000D190ADF8103014BF04F1FF3323460393069312
S3150000D1A04FF6FF7301900590ADF812301E9A1FAB33
S3150000D1B001A92846009300F00FF9431CBCBF8B233E
S3150000D1C02B60002CDDD0019B00221A70D9E700BF2E
S3150000D1D0248BFF1F0000000070B555EC104BC5F303
S3150000D1E00A5206462B46A2B925F00043234337D000
S3150000D1F00022394B294610EE100AF3F7EBFA374AAC
S3150000D200964204460D460B4611DA2BA3D3E90023BA
S3150000D2103AE040F2FF718A420CD110EE102A2B46FA
S3150000D22020462946F3F720F904460D4618E0C1F3D7
S3150000D2300A52363A324440F2FE718A4208DD002D27
S3150000D2401FA1D1E900011CDA1FA1D1E9000118E0F4
S3150000D250002A08DD23F0FF4323F4E00343EA0255E6
S3150000D26045EC104B70BD12F1350F19DA4CF2503304
S3150000D2709E4205F000430ADD11A1D1E90001002B11
S3150000D280E2D10FA3D3E90023F3F7A4FACCE70AA16E
S3150000D290D1E90001002BB8D00DA1D1E90001B4E716
S3150000D2A023F0FF43363223F4E00343EA02552046D7
S3150000D2B0294600220A4BE7E759F3F8C21F6EA5017B
S3150000D2C09C7500883CE4377E9C7500883CE437FEFC
S3150000D2D059F3F8C21F6EA58100005043B03CFFFF12
S3150000D2E00000903C10B50C46B1F90E1003F0BAFBE5
S3150000D2F00028ABBF236DA3891B1823F48053ACBF52
S3150000D3002365A38110BD2DE9F0411F468B89DB05FE
S3150000D31005460C46164605D502230022B1F90E1025
S3150000D32003F0D6F8A389B4F90E1023F48053A38131
S3150000D33032463B462846BDE8F04102F057B810B5E4
S3150000D3400C46B1F90E1003F0C3F8431CA38915BFB0
S3150000D350206523F4805343F48053A38118BFA3812F
S3150000D36010BDB1F90E1002F0F7B8C9B2034610F8B5
S3150000D370012B1AB19142F9D11846704700290CBF0A
S3150000D38018460020704730B503461C785D1C44B92A
S3150000D39012F1FF3204D311F8014B03F8014B14B913
S3150000D3A030BD2B46F1E7002AF2D11A70F0E770B5CE
S3150000D3B0044602B970BD234611F8015B03F8015B10
S3150000D3C0561E1DB91444A34203D170BD1C463246F5
S3150000D3D0EFE703F8015BF6E72DE9F04FBDB08A46AB
S3150000D3E015461F46834603F069F803680D931846F1
S3150000D3F0F3F7CEFEBAF80C3008901B0618D5DAF80B
S3150000D4001030ABB940215846FFF78AFACAF8000037
S3150000D410CAF8100048B90C23CBF800304FF0FF33A0
S3150000D420099309983DB0BDE8F08F4023CAF814303F
S3150000D4309FED997B8DED067B00232CAC1F942193E9
S3150000D440209305950393119310930993059D2B46FD
S3150000D45013F8012B12B1252A40F08380059BEE1AA2
S3150000D4600DD084E84800219B33442193209B01334F
S3150000D470072B209377DC0834099B334409932B78D8
S3150000D480002B00F029870023691C8DF85F301A46AF
S3150000D4904FF0FF390A931D460A204E1C097805965F
S3150000D4A0029102992039582900F21884DFE811F018
S3150000D4B0A60016041604AB00160416041604160479
S3150000D4C016041604AE0065001604B700BA0016046A
S3150000D4D0D700DA00DA00DA00DA00DA00DA00DA0079
S3150000D4E0DA00DA00160416041604160416041604E6
S3150000D4F0160416041604160415012B0116042B0136
S3150000D5001604160416041604ED0016041604400349
S3150000D51016041604160416041604A80316041604A4
S3150000D52086001604160416041604160416041604B9
S3150000D53016041604160407016B002B012B012B01A0
S3150000D540F0006B0016041604FA00160422034203C8
S3150000D55076030101160487031604AA0316041604AB
S3150000D560C2031D4673E71FAA5146584603F094FAB4
S3150000D570002840F092862CAC7EE701232B220599E9
S3150000D5808BE70F46FBE70BB18DF85F20AE0640F147
S3150000D590AA80073727F0070707F10803D7E90067CE
S3150000D5A00493002E77F1000306DA76424FF02D033E
S3150000D5B067EB47078DF85F300123CAE20BB18DF8A0
S3150000D5C05F20374B1193AB0640F13983073727F0BD
S3150000D5D0070707F10803D7E900670493E8070BD5A7
S3150000D5E056EA070308D030238DF860309DF80830DE
S3150000D5F08DF8613045F002050223A7E2002ABED16C
S3150000D60001232022BBE745F00105B8E73E680A96EC
S3150000D610002E07F10401B4DA76420A960F4645F069
S3150000D6200405ACE705994E1C097802912A2910D009
S3150000D6304FF0000905960299303909293FF631AFB6
S3150000D64000FB091905990E4616F8011B029105966D
S3150000D650F1E73968059641EAE17904378FE745F045
S3150000D66080058CE700210A9102990A9E303900FB59
S3150000D67006110A9105990E4616F8011B02910299A8
S3150000D680059630390929EFD90BE745F0080576E705
S3150000D69045F0400573E700BF0000000000000000F1
S3150000D6A0FC6B0100059909786C2905D105990131B2
S3150000D6B0059145F0200562E745F010055FE73B1D43
S3150000D6C0049300263B688DF888308DF85F604FF034
S3150000D6D0010937460DF188081BE10BB18DF85F2073
S3150000D6E045F0100552E715F0100F07F1040303D0BB
S3150000D6F03E680493F71754E73E68049315F0400F0D
S3150000D70018BF36B2F6E70BB18DF85F20073727F062
S3150000D710070707F10803049397ED007B8DED067B61
S3150000D720069B1293079B23F0004313934FF0FF329F
S3150000D7304A4BDDE91201F3F7E7FA002840F0D585F8
S3150000D7404FF0FF32454BDDE91201F3F7BFFA00282F
S3150000D75040F0CB8500220023DDE90601F3F7ACFAA1
S3150000D76010B12D238DF85F303D4B3E4A029925F0CE
S3150000D77080054729CCBF904698464FF003090026FE
S3150000D7803746C6E0B9F1FF3F22D0029B23F02003C3
S3150000D790472B04D1B9F1000F08BF4FF0010945F43A
S3150000D7A080730C93079B002B15DA069B0E93079B41
S3150000D7B003F100430F932D230B93029B23F02007C5
S3150000D7C0462F0ED0452F46D109F1010602210AE067
S3150000D7D04FF00609E3E79DED067B00238DED0E7BFA
S3150000D7E0EAE74E4603211DAB01931AAB009332467E
S3150000D7F019AB9DED0E0B584601F04AFF472F8046A8
S3150000D80002D1E80740F1848508EB0603462F03930F
S3150000D81011D198F80030302B09D100220023DDE920
S3150000D8200E01F3F73FFA10B9C6F101061996039AED
S3150000D830199B1A44039200220023DDE90E01F3F737
S3150000D84031FA88B930221D9B039999420ED9591C89
S3150000D8501D911A70F7E74E46B8E700BFFFFFEF7F4E
S3150000D860EC6B0100F06B0100039B1D931D9B472F82
S3150000D870A3EB0803039340F0FA80199BD91C02DB43
S3150000D880994580F22081029B023B0293199A9DF8EA
S3150000D89008108DF86C10531E002B1993B6BFC2F1F9
S3150000D8A001032B222D22092B8DF86D2040F3FB80DE
S3150000D8B00DF17B020A2693FBF6F006FB103330339C
S3150000D8C0092802F8013C02F1FF31034600F3E48027
S3150000D8D0303301F8013C023A0DF16E030DF17B0085
S3150000D8E082421946C0F0DA80039A1BABCB1A012A92
S3150000D8F0109303EB020902DC15F0010702D0089B26
S3150000D900002799440B9B13B12D238DF85F300C9D96
S3150000D91000264E453346B8BF4B460B939DF85F3005
S3150000D92013B10B9B01330B9315F0020314931EBF27
S3150000D9300B9B02330B9315F08403159318D10A9BA6
S3150000D9400B9A9B1A002B0C9312DD0C9B102BA94BE8
S3150000D950236000F3D5810C9B63600C9A219B1344D2
S3150000D9602193209B0133072B209300F3E281083497
S3150000D9709DF85F3073B10DF15F032360012363608F
S3150000D980219B01332193209B0133072B209300F326
S3150000D990DA810834149B6BB118AB236002236360F1
S3150000D9A0219B02332193209B0133072B209300F305
S3150000D9B0D4810834159B802B14D10A9B0B9A9B1A91
S3150000D9C0002B0FDD8C4A2260102B00F3D081219AA8
S3150000D9D0636013442193209B0133072B209300F3AC
S3150000D9E0DF810834A6EB0906002E0FDD824B23608B
S3150000D9F0102E00F3DF81209B2198666001330644D8
S3150000DA00072B2196209300F3EC810834EB0500F1F7
S3150000DA10F281219B84E800034B442193209B013330
S3150000DA20072B209340F319841FAA5146584603F04A
S3150000DA3033F8002840F031842CAC6B0700F11084D9
S3150000DA40099B0A9A0B998A42ACBF9B185B180993EB
S3150000DA50219B3BB11FAA5146584603F01DF80028EA
S3150000DA6040F01B8400232093049F2CACEEE4029B21
S3150000DA70652B7FF70BAF029B662B24D1199B002BDE
S3150000DA8019DDB9F1000F01D1EA0702D5089A13444E
S3150000DA904B44199F994635E70A460CE712F8011BD5
S3150000DAA003F8011B1CE7302213448DF86E208DF815
S3150000DAB06F301CA918E7B9F1000F01D1EB0715D596
S3150000DAC0089B0133E4E7199A039B9A4206DBEF07AA
S3150000DAD00ED5089B134467220292DAE7039B089946
S3150000DAE0002A0B44F7DCC2F10102F3E70123D0E779
S3150000DAF01346F0E70BB18DF85F2015F0200F07F104
S3150000DB00040308D009993A68CE1708463146C2E997
S3150000DB1000011F469AE4EE0603D53A68099911609A
S3150000DB20F7E76806F9D53A68BDF824101180F0E7E2
S3150000DB3045F0100515F0200322D0073727F0070718
S3150000DB4007F10803D7E900670493002300228DF844
S3150000DB505F20B9F1FF3F00F0E18325F080020B92D0
S3150000DB6056EA070240F0DF83B9F1000F00F0AA8001
S3150000DB70012B76D0022B00F0918000260027D8E3F7
S3150000DB803A1D15F01001049202D03E680027DDE729
S3150000DB9015F04003F9D03E880027D6E73B1D0493D5
S3150000DBA0302378228DF86030144B3E68119300279D
S3150000DBB045F002058DF8612002230292C6E73B1D5F
S3150000DBC00026B9F1FF3F0493D7F800808DF85F6017
S3150000DBD00AD04A4631464046F3F7E2FA002800F0FA
S3150000DBE08D80A0EB0809CBE54046F3F7D1FA8146D4
S3150000DBF0C6E500BF206C0100306C01000D6C010011
S3150000DC0045F01005A90609D5073727F0070707F1DC
S3150000DC100803D7E900670493012397E73B1D15F036
S3150000DC20100F049301D03E6802E06A06FBD53E88D9
S3150000DC300027F1E70BB18DF85F20A34BC2E43B1D33
S3150000DC4015F0100F049301D03E6802E06E06FBD576
S3150000DC503E880027C2E443466CE3002F08BF0A2E25
S3150000DC6005D20DF1F008303608F8416D7DE30DF16F
S3150000DC70B008304639460A220023F3F7F3F830326B
S3150000DC8008F8012D0023304639460A22F3F7EAF850
S3150000DC9006460F4656EA0703EBD166E30026002741
S3150000DCA00DF1B00806F00F03119AD35C08F8013D98
S3150000DCB0330943EA07733A091E46174656EA07032D
S3150000DCC0F0D152E33BB9EA0705D50DF1F008302350
S3150000DCD008F8413D49E30DF1B00846E30BB18DF874
S3150000DCE05F20029B002B00F0F7829DF808308DF82C
S3150000DCF0883000268DF85F600497E8E406463FE525
S3150000DD0010236360219B10332193209B0133072B43
S3150000DD10209304DC08340C9B103B0C9315E61FAAD9
S3150000DD205146584602F0B8FE002840F0B6822CACA8
S3150000DD30F1E71FAA5146584602F0AEFE002840F011
S3150000DD40AC822CAC14E61FAA5146584602F0A4FE3B
S3150000DD50002840F0A2822CAC1CE61FAA5146584669
S3150000DD6002F09AFE002840F098822CAC22E610229F
S3150000DD706260219A10322192209A0132072A20925B
S3150000DD8002DC0834103B1DE61FAA514658460C9388
S3150000DD9002F082FE002840F080822CAC0C9BF1E75A
S3150000DDA01FAA5146584602F077FE002840F07582B9
S3150000DDB02CAC17E610236360219B10332193209B24
S3150000DDC00133072B209302DC0834103E0EE61FAA0F
S3150000DDD05146584602F060FE002840F05E822CACA8
S3150000DDE0F3E71FAA5146584602F056FE002840F0B7
S3150000DDF054822CAC0AE6029B652B40F3A9810022D3
S3150000DE000023DDE90601F2F74DFF002862D02F4B13
S3150000DE10236001236360219B01332193209B0133FF
S3150000DE20072B209325DC0834199B039A934202DBC7
S3150000DE30EE077FF502AE0D9B2360089B6360089A90
S3150000DE40219B13442193209B0133072B20931ADC3B
S3150000DE500834039B5E1E002E7FF7EFAD1C4F4FF07C
S3150000DE601008102E276018DC6660219B1E44219640
S3150000DE70D4E51FAA5146584602F00EFE002840F08F
S3150000DE800C822CACD0E71FAA5146584602F004FE7D
S3150000DE90002840F002822CACDBE7219BC4F804800A
S3150000DEA010332193209B0133072B209302DC083487
S3150000DEB0103ED6E71FAA5146584602F0EDFD00284F
S3150000DEC040F0EB812CACF3E70D6C01001E6C0100F9
S3150000DED0306C0100199B002B7ADC9B4B23600123DD
S3150000DEE06360219B01332193209B0133072B2093F1
S3150000DEF044DC0834199B23B9039B13B9E8077FF563
S3150000DF009CAD0D9B2360089B6360089A219B13447C
S3150000DF102193209B0133072B209339DC04F108035E
S3150000DF20199E002E19DA894F76421024102E1F6092
S3150000DF3038DC219A5E601644209A21960132072A1F
S3150000DF4003F10803209208DD1FAA5146584602F045
S3150000DF50A3FD002840F0A1812CAB039A5A600399D7
S3150000DF60219AC3F800800A442192209A0132072A96
S3150000DF7020923FF759AD03F108045EE51FAA51460A
S3150000DF80584602F089FD002840F087812CACB1E7A5
S3150000DF901FAA5146584602F07FFD002840F07D81B9
S3150000DFA02CABBDE7219A5C6010322192209A013297
S3150000DFB0072A209202DC0833103EB7E71FAA514613
S3150000DFC0584602F069FD002840F067812CABF3E764
S3150000DFD0039BBB42A8BF3B46002B1E460BDD63607E
S3150000DFE0219BC4F8008033442193209B0133072BE7
S3150000DFF020935FDC0834002EACBFBE1B3E46002ECD
S3150000E0000FDDDFF84891C4F80090102E5CDC219BF0
S3150000E01066601E44209B21960133072B20936ADC01
S3150000E0200834199B039A934201DBE9070DD50D9B32
S3150000E0302360089B6360089A219B13442193209BCD
S3150000E0400133072B209360DC0834039B039ADE1B05
S3150000E050199BD31A9E42A8BF1E46002E0BDD219B9C
S3150000E060666033442193209B01334744072B276086
S3150000E070209354DC0834199B039A002EA2EB030369
S3150000E080ACBF9E1B1E46002E7FF7D7AC2F4F4FF01E
S3150000E0901008102E27607FF7E7AE219BC4F8048096
S3150000E0A010332193209B0133072B209341DC083446
S3150000E0B0103EEEE71FAA5146584602F0EDFC002836
S3150000E0C040F0EB802CAC96E710236360219B103365
S3150000E0D02193209B0133072B209302DC0834103E4A
S3150000E0E091E71FAA5146584602F0D6FC002840F098
S3150000E0F0D4802CACF3E71FAA5146584602F0CCFC5C
S3150000E100002840F0CA802CAC8BE71FAA514658461F
S3150000E11002F0C2FC002840F0C0802CAC95E71FAA94
S3150000E1205146584602F0B8FC002840F0B6802CACA8
S3150000E130A1E71FAA5146584602F0AEFC002840F05F
S3150000E140AC802CACB4E700BF1E6C0100306C010043
S3150000E150039B012B01DCEA0776D501236360219B33
S3150000E160C4F8008001332193209B0133072B2093B1
S3150000E17036DC08340D9B2360089B6360089A219B5C
S3150000E18013442193209B0133072B209331DC083461
S3150000E19000230022DDE90601F2F784FD039B5E1EE3
S3150000E1A000282FD108F1010384E84800219B039A37
S3150000E1B0013B13442193209B0133072B20934ADD17
S3150000E1C01FAA5146584602F067FC002865D12CACC0
S3150000E1D01BAB2360109B6360109A219B13441CE4C5
S3150000E1E01FAA5146584602F057FC002855D12CACC0
S3150000E1F0C0E71FAA5146584602F04EFC00284CD1F3
S3150000E2002CACC5E7002EE3DD5C4F4FF01008102E56
S3150000E210276004DC219B66601E442196CBE7219B88
S3150000E220C4F8048010332193209B0133072B2093DD
S3150000E23002DC0834103EEAE71FAA5146584602F0AF
S3150000E2402BFC50BB2CACF5E701236360219BC4F883
S3150000E25000800133AEE70834BAE70834FFF7EDBBB8
S3150000E2600A9B0B9A9D1A002D7FF7EAAB1026444BAA
S3150000E2702360102D1BDC219B65601D44209B21958E
S3150000E2800133072B20937FF7DBAB1FAA5146584675
S3150000E29002F002FC00283FF4D3ABBAF80C3013F0BE
S3150000E2A0400F099B18BF4FF0FF33FFF7B9B8219B0A
S3150000E2B0666010332193209B0133072B209302DCE9
S3150000E2C00834103DD3E71FAA5146584602F0E4FB36
S3150000E2D00028E2D12CACF4E7219B002BDDD01FAA4D
S3150000E2E05146584602F0D8FBD7E7DDE9062310462B
S3150000E2F01946F2F709FD00283FF444AA079B214A74
S3150000E300002BBCBF2D238DF85F301F4BFFF72EBAB5
S3150000E3101D9BA3EB08030393FFF7AFBA56EA070268
S3150000E3200B953FF425AC012B3FF497AC022B3FF441
S3150000E330B7AC2CABF10841EA4771F80806F00702C2
S3150000E34007460E46303256EA070103F1FF3803F856
S3150000E350012C7FF480AC0B99C90706D5302A04D06E
S3150000E360302208F8012CA3F102084E460DF1B0093F
S3150000E370A9EB08090B9D0027FFF7CBBA306C01000B
S3150000E380206C0100F86B0100F46B01000000000036
S3150000E3902DE9F04FBDB08A4615461C461F468346FA
S3150000E3A002F08CF803680D931846F2F7F1FE089018
S3150000E3B0BBF1000F05D0DBF8383013B95846FEF72D
S3150000E3C087F8BAF90C309A0409D443F40053AAF832
S3150000E3D00C30DAF8603023F40053CAF86030BAF82B
S3150000E3E00C301B0717D5DAF81030A3B1BAF80C3089
S3150000E3F003F01A030A2B18D1BAF90E30002B14DBDE
S3150000E40023462A465146584600F0BAFF0A900A9813
S3150000E4103DB0BDE8F08F5146584600F0F9FF0028A0
S3150000E420E4D04FF0FF330A93F1E79FED997B8DED32
S3150000E430067B00232CAC1F94219320930595039310
S3150000E440119310930A93059D2B4613F8012B12B1D5
S3150000E450252A40F08380059BEE1A0DD084E84800FB
S3150000E460219B33442193209B0133072B209377DC98
S3150000E47008340A9B33440A932B78002B00F0258737
S3150000E4800023691C8DF85F301A464FF0FF39099357
S3150000E4901D460A204E1C09780596029102992039DC
S3150000E4A0582900F21784DFE811F0A60015041504B8
S3150000E4B0AB00150415041504150415041504AE0067
S3150000E4C065001504B700BA001504D700DA00DA00B3
S3150000E4D0DA00DA00DA00DA00DA00DA00DA00150427
S3150000E4E0150415041504150415041504150415045E
S3150000E4F0150414012A0115042A011504150415042E
S3150000E5001504ED00150415043F0315041504150440
S3150000E51015041504A703150415048600150415042F
S3150000E520150415041504150415041504150415041D
S3150000E53006016B002A012A012A01F0006B0015046E
S3150000E5401504F900150421034103750300011504A0
S3150000E55086031504A90315041504C1031D4673E7B4
S3150000E5601FAA5146584602F011FB002840F091863A
S3150000E5702CAC7EE701232B2205998BE70F46FBE7A0
S3150000E5800BB18DF85F20AE0640F1A980073727F062
S3150000E590070707F10803D7E900670493002E77F110
S3150000E5A0000306DA76424FF02D0367EB47078DF836
S3150000E5B05F300123C9E20BB18DF85F20364B119312
S3150000E5C0AB0640F13883073727F0070707F1080342
S3150000E5D0D7E900670493E8070BD556EA070308D086
S3150000E5E030238DF860309DF808308DF8613045F0A5
S3150000E5F002050223A6E2002ABED101232022BBE7A0
S3150000E60045F00105B8E73E680996002E07F10401BA
S3150000E610B4DA764209960F4645F00405ACE705994B
S3150000E6204E1C097802912A2910D04FF00009059650
S3150000E6300299303909293FF631AF00FB09190599CE
S3150000E6400E4616F8011B02910596F1E73968059604
S3150000E65041EAE17904378FE745F080058CE7002130
S3150000E66009910299099E303900FB06110991059915
S3150000E6700E4616F8011B02910299059630390929B2
S3150000E680EFD90BE745F0080576E745F0400573E757
S3150000E6900000000000000000FC6B010005990978ED
S3150000E6A06C2905D105990131059145F0200563E7EF
S3150000E6B045F0100560E73B1D049300263B688DF886
S3150000E6C088308DF85F604FF0010937460DF18808F4
S3150000E6D01BE10BB18DF85F2045F0100553E715F0EF
S3150000E6E0100F07F1040303D03E680493F71755E7AC
S3150000E6F03E68049315F0400F18BF36B2F6E70BB12B
S3150000E7008DF85F20073727F0070707F10803049302
S3150000E71097ED007B8DED067B069B1293079B23F0FE
S3150000E720004313934FF0FF324A4BDDE91201F2F733
S3150000E730EBFA002840F0D2854FF0FF32454BDDE979
S3150000E7401201F2F7C3FA002840F0C8850022002320
S3150000E750DDE90601F2F7B0FA10B12D238DF85F302E
S3150000E7603D4B3E4A029925F080054729CCBF90468D
S3150000E77098464FF0030900263746C6E0B9F1FF3F39
S3150000E78022D0029B23F02003472B04D1B9F1000FBE
S3150000E79008BF4FF0010945F480730C93079B002BCB
S3150000E7A015DA069B0E93079B03F100430F932D2367
S3150000E7B00B93029B23F02007462F0ED0452F46D100
S3150000E7C009F1010602210AE04FF00609E3E79DED93
S3150000E7D0067B00238DED0E7BEAE74E4603211DAB3B
S3150000E7E001931AAB0093324619AB9DED0E0B5846BA
S3150000E7F000F04EFF472F804602D1E80740F18185A1
S3150000E80008EB0603462F039311D198F80030302BFE
S3150000E81009D100220023DDE90E01F2F743FA10B90F
S3150000E820C6F101061996039A199B1A44039200220F
S3150000E8300023DDE90E01F2F735FA88B930221D9B77
S3150000E840039999420ED9591C1D911A70F7E74E4645
S3150000E850B8E700BFFFFFEF7FEC6B0100F06B010034
S3150000E860039B1D931D9B472FA3EB0803039340F0C7
S3150000E870FA80199BD91C02DB994580F22081029B04
S3150000E880023B0293199A9DF808108DF86C10531EDE
S3150000E890002B1993B6BFC2F101032B222D22092B9F
S3150000E8A08DF86D2040F3FB800DF17B020A2693FB69
S3150000E8B0F6F006FB10333033092802F8013C02F16A
S3150000E8C0FF31034600F3E480303301F8013C023A9D
S3150000E8D00DF16E030DF17B0082421946C0F0DA801D
S3150000E8E0039A1BABCB1A012A109303EB020902DC35
S3150000E8F015F0010702D0089B002799440B9B13B122
S3150000E9002D238DF85F300C9D00264E453346B8BF4B
S3150000E9104B460B939DF85F3013B10B9B01330B9362
S3150000E92015F0020314931EBF0B9B02330B9315F0D5
S3150000E9308403159318D1099B0B9A9B1A002B0C93F1
S3150000E94012DD0C9B102BA94B236000F3D5810C9B89
S3150000E95063600C9A219B13442193209B0133072B60
S3150000E960209300F3E28108349DF85F3073B10DF116
S3150000E9705F03236001236360219B01332193209B66
S3150000E9800133072B209300F3DA810834149B6BB113
S3150000E99018AB236002236360219B02332193209BE3
S3150000E9A00133072B209300F3D4810834159B802B69
S3150000E9B014D1099B0B9A9B1A002B0FDD8C4A2260FF
S3150000E9C0102B00F3D081219A636013442193209B7E
S3150000E9D00133072B209300F3DF810834A6EB0906E9
S3150000E9E0002E0FDD824B2360102E00F3DF81209B6B
S3150000E9F02198666001330644072B2196209300F385
S3150000EA00EC810834EB0500F1F281219B84E80003D8
S3150000EA104B442193209B0133072B209340F3198409
S3150000EA201FAA5146584602F0B1F8002840F031843A
S3150000EA302CAC6A0700F110840A9B099A0B998A424A
S3150000EA40ACBF9B185B180A93219B3BB11FAA51468A
S3150000EA50584602F09BF8002840F01B8400232093C0
S3150000EA60049F2CACEFE4029B652B7FF70BAF029B58
S3150000EA70662B24D1199B002B19DDB9F1000F01D1AA
S3150000EA80EA0702D5089A13444B44199F994635E77D
S3150000EA900A460CE712F8011B03F8011B1CE730229B
S3150000EAA013448DF86E208DF86F301CA918E7B9F164
S3150000EAB0000F01D1EB0715D5089B0133E4E7199A3E
S3150000EAC0039B9A4206DBEF070ED5089B1344672289
S3150000EAD00292DAE7039B0899002A0B44F7DCC2F19D
S3150000EAE00102F3E70123D0E71346F0E70BB18DF8F7
S3150000EAF05F2015F0200F07F1040308D00A993A6841
S3150000EB00CE1708463146C2E900011F469BE4EE06D1
S3150000EB1003D53A680A991160F7E76806F9D53A68A5
S3150000EB20BDF828101180F0E745F0100515F0200318
S3150000EB3022D0073727F0070707F10803D7E9006750
S3150000EB400493002300228DF85F20B9F1FF3F00F007
S3150000EB50DE8325F080020B9256EA070240F0DC8342
S3150000EB60B9F1000F00F0AA80012B76D0022B00F03D
S3150000EB70918000260027D5E33A1D15F01001049276
S3150000EB8002D03E680027DDE715F04003F9D03E8845
S3150000EB900027D6E73B1D0493302378228DF860309A
S3150000EBA0144B3E681193002745F002058DF861204D
S3150000EBB002230292C6E73B1D0026B9F1FF3F0493EC
S3150000EBC0D7F800808DF85F600AD04A463146404645
S3150000EBD0F2F7E6FA002800F08D80A0EB0809CBE5F5
S3150000EBE04046F2F7D5FA8146C6E500BF406C010003
S3150000EBF0506C01000D6C010045F01005A90609D501
S3150000EC00073727F0070707F10803D7E900670493DA
S3150000EC10012397E73B1D15F0100F049301D03E68C2
S3150000EC2002E06A06FBD53E880027F1E70BB18DF8B6
S3150000EC305F20A34BC3E43B1D15F0100F049301D0D6
S3150000EC403E6802E06E06FBD53E880027C3E44346D5
S3150000EC5069E3002F08BF0A2E05D20DF1F008303601
S3150000EC6008F8416D7AE30DF1B008304639460A22BC
S3150000EC700023F2F7F7F8303208F8012D002330466A
S3150000EC8039460A22F2F7EEF806460F4656EA070319
S3150000EC90EBD163E3002600270DF1B00806F00F0361
S3150000ECA0119AD35C08F8013D330943EA07733A0920
S3150000ECB01E46174656EA0703F0D14FE33BB9EA076B
S3150000ECC005D50DF1F008302308F8413D46E30DF176
S3150000ECD0B00843E30BB18DF85F20029B002B00F0D8
S3150000ECE0F4829DF808308DF8883000268DF85F6034
S3150000ECF00497E8E406463FE510236360219B103342
S3150000ED002193209B0133072B209304DC08340C9BB2
S3150000ED10103B0C9315E61FAA5146584601F036FFE4
S3150000ED20002840F0B6822CACF1E71FAA514658469F
S3150000ED3001F02CFF002840F0AC822CAC14E61FAA90
S3150000ED405146584601F022FF002840F0A2822CAC22
S3150000ED501CE61FAA5146584601F018FF002840F04D
S3150000ED6098822CAC22E610226260219A10322192FF
S3150000ED70209A0132072A209202DC0834103B1DE655
S3150000ED801FAA514658460C9301F000FF002840F098
S3150000ED9080822CAC0C9BF1E71FAA5146584601F025
S3150000EDA0F5FE002840F075822CAC17E61023636050
S3150000EDB0219B10332193209B0133072B209302DCE8
S3150000EDC00834103E0EE61FAA5146584601F0DEFEF4
S3150000EDD0002840F05E822CACF3E71FAA5146584645
S3150000EDE001F0D4FE002840F054822CAC0AE6029BC7
S3150000EDF0652B40F3A98100220023DDE90601F1F726
S3150000EE0051FF002862D02F4B236001236360219BB2
S3150000EE1001332193209B0133072B209325DC0834F3
S3150000EE20199B039A934202DBEF077FF502AE0D9B17
S3150000EE302360089B6360089A219B13442193209BBF
S3150000EE400133072B20931ADC0834039B5E1E002E29
S3150000EE507FF7EFAD1C4F4FF01008102E276018DC1F
S3150000EE606660219B1E442196D4E51FAA514658464A
S3150000EE7001F08CFE002840F00C822CACD0E71FAAD3
S3150000EE805146584601F082FE002840F002822CAC22
S3150000EE90DBE7219BC4F8048010332193209B0133C8
S3150000EEA0072B209302DC0834103ED6E71FAA5146F2
S3150000EEB0584601F06BFE002840F0EB812CACF3E7DE
S3150000EEC00D6C01001E6C0100506C0100199B002B9B
S3150000EED07ADC9B4B236001236360219B01332193E2
S3150000EEE0209B0133072B209344DC0834199B23B95C
S3150000EEF0039B13B9EE077FF59CAD0D9B2360089B22
S3150000EF006360089A219B13442193209B0133072BAE
S3150000EF10209339DC04F10803199E002E19DA894F73
S3150000EF2076421024102E1F6038DC219A5E6016444B
S3150000EF30209A21960132072A03F10803209208DD60
S3150000EF401FAA5146584601F021FE002840F0A18133
S3150000EF502CAB039A5A600399219AC3F800800A449D
S3150000EF602192209A0132072A20923FF759AD03F1E8
S3150000EF7008045EE51FAA5146584601F007FE002820
S3150000EF8040F087812CACB1E71FAA5146584601F0E4
S3150000EF90FDFD002840F07D812CABBDE7219A5C6029
S3150000EFA010322192209A0132072A209202DC08337D
S3150000EFB0103EB7E71FAA5146584601F0E7FD002864
S3150000EFC040F067812CABF3E7039BBB42A8BF3B46EF
S3150000EFD0002B1E460BDD6360219BC4F80080334482
S3150000EFE02193209B0133072B20935FDC0834002EEE
S3150000EFF0ACBFBE1B3E46002E0FDDDFF84891C4F8BD
S3150000F0000090102E5CDC219B66601E44209B21969E
S3150000F0100133072B20936ADC0834199B039A934229
S3150000F02001DBE8070DD50D9B2360089B6360089AFA
S3150000F030219B13442193209B0133072B209360DCF3
S3150000F0400834039B039ADE1B199BD31A9E42A8BF62
S3150000F0501E46002E0BDD219B666033442193209BC8
S3150000F06001334744072B2760209354DC0834199B4F
S3150000F070039A002EA2EB0303ACBF9E1B1E46002E76
S3150000F0807FF7D7AC2F4F4FF01008102E27607FF771
S3150000F090E7AE219BC4F8048010332193209B0133F3
S3150000F0A0072B209341DC0834103EEEE71FAA514699
S3150000F0B0584601F06BFD002840F0EB802CAC96E73B
S3150000F0C010236360219B10332193209B0133072B70
S3150000F0D0209302DC0834103E91E71FAA5146584699
S3150000F0E001F054FD002840F0D4802CACF3E71FAAB1
S3150000F0F05146584601F04AFD002840F0CA802CAC23
S3150000F1008BE71FAA5146584601F040FD002840F003
S3150000F110C0802CAC95E71FAA5146584601F036FD33
S3150000F120002840F0B6802CACA1E71FAA51465846ED
S3150000F13001F02CFD002840F0AC802CACB4E700BFF9
S3150000F1401E6C0100506C0100039B012B01DCE907DA
S3150000F15076D501236360219BC4F800800133219397
S3150000F160209B0133072B209336DC08340D9B23604C
S3150000F170089B6360089A219B13442193209B0133CB
S3150000F180072B209331DC083400230022DDE9060139
S3150000F190F1F788FD039B5E1E00282FD108F10103BD
S3150000F1A084E84800219B039A013B13442193209B4A
S3150000F1B00133072B20934ADD1FAA5146584601F01A
S3150000F1C0E5FC002865D12CAC1BAB2360109B63606B
S3150000F1D0109A219B13441CE41FAA5146584601F07D
S3150000F1E0D5FC002855D12CACC0E71FAA514658467D
S3150000F1F001F0CCFC00284CD12CACC5E7002EE3DD99
S3150000F2005B4F4FF01008102E276004DC219B6660D0
S3150000F2101E442196CBE7219BC4F80480103321932A
S3150000F220209B0133072B209302DC0834103EEAE7CB
S3150000F2301FAA5146584601F0A9FC50BB2CACF5E775
S3150000F24001236360219BC4F800800133AEE70834D4
S3150000F250BAE70834FFF7EDBB099B0B9A9D1A002D00
S3150000F2607FF7EAAB1026434B2360102D18DC219B59
S3150000F27065601D44209B21950133072B20937FF762
S3150000F280DBAB1FAA5146584601F080FC00283FF42C
S3150000F290D3ABBAF80C305B067FF5B9A8FFF7C1B857
S3150000F2A0219B666010332193209B0133072B20930B
S3150000F2B002DC0834103DD6E71FAA5146584601F035
S3150000F2C065FC0028E5D12CACF4E7219B002BE0D0AF
S3150000F2D01FAA5146584601F059FCDAE7DDE9062334
S3150000F2E010461946F1F710FD00283FF447AA079B80
S3150000F2F0214A002BBCBF2D238DF85F301F4BFFF733
S3150000F30031BA1D9BA3EB08030393FFF7B2BA56EA83
S3150000F31007020B953FF428AC012B3FF49AAC022B65
S3150000F3203FF4BAAC2CABF10841EA4771F80806F095
S3150000F330070207460E46303256EA070103F1FF3848
S3150000F34003F8012C7FF483AC0B99C90706D5302A44
S3150000F35004D0302208F8012CA3F102084E460DF124
S3150000F360B009A9EB08090B9D0027FFF7CEBA00BF2D
S3150000F370506C0100406C0100F86B0100F46B010059
S3150000F38070B50C468989ADF58D6D21F00201ADF899
S3150000F3901010216E1991E189ADF81210E1690891FA
S3150000F3A0616A0A911AA9019105914FF4806103914E
S3150000F3B006910021079101A90646FEF7E9FF051E01
S3150000F3C007DB01A93046FDF747F8002818BF4FF0C4
S3150000F3D0FF35BDF810305B0648BFA389284644BFF9
S3150000F3E043F04003A3810DF58D6D70BD38B5074C14
S3150000F3F0054608461146002222601A4601F072FDB3
S3150000F400431C02D1236803B12B6038BDDC0B0020FE
S3150000F41038B52A4B054618680C4618B1836B0BB9EC
S3150000F420FDF756F8B4F90C309AB2110722D4D0067B
S3150000F43007D409222A6043F04003A3814FF0FF302E
S3150000F44038BD510712D5216B41B104F140039942F1
S3150000F45002D02846FDF7C0F800232363A38923F0D2
S3150000F4602403A3810023636023692360A38943F0F7
S3150000F4700803A38123694BB9A38903F42073B3F569
S3150000F480007F03D021462846FDF7FAF9A28912F03B
S3150000F49001030CD00023A36063695B42A361236967
S3150000F4A053B9B4F90C3013F08000C4D138BD9207BB
S3150000F4B058BF6369A360F2E70020F7E7248BFF1FBC
S3150000F4C02DE9F74F234B1B68019380460F464FF0FB
S3150000F4D0000A019BD3F8485145B16C68661E013499
S3150000F4E005EB84044FF00109002E02DA03B0BDE8F3
S3150000F4F0F08F37B1D4F80021974202D0013E043C88
S3150000F500F2E76968226801398E420CBF6E60C4F862
S3150000F51000A0002AF2D0D5F88801D5F804B009FA7F
S3150000F52006F1014208D0D5F88C0101420ED1D4F87B
S3150000F53080104046904700E090476A685A45C8D117
S3150000F540019BD3F848219542D8D0C2E7D4F8800071
S3150000F5509047F2E7E86B010038B5064C00230546F4
S3150000F5600846236001F088FC431C02D1236803B1DE
S3150000F5702B6038BDDC0B00202DE9F74F03690C69C1
S3150000F5809C42804600F38280013C01F114074FEA59
S3150000F590840C00F1140657F8245056F8240006EBA4
S3150000F5A00C03013507EB0C090193B0FBF5F595B398
S3150000F5B04FF0000A3846B646D34650F8042B93B2AD
S3150000F5C005FB03A34FEA134A9BB2ABEB0303120CF2
S3150000F5D0BEF800B005FB02A213FA8BF34FEA124AFB
S3150000F5E01FFA82FBDEF80020CBEB124202EB23422D
S3150000F5F09BB243EA024381454FEA224B4EF8043B55
S3150000F600DBD256F80C3033B9019B043B9E421A46B6
S3150000F61030D3C8F81040404601F05DF9002825DBDC
S3150000F620013530464FF0000C57F8042BD0F800E0B7
S3150000F63093B2ACEB0303120C13FA8EF3C2EB1E4229
S3150000F64002EB23429BB243EA0243B9454FEA224CFE
S3150000F65040F8043BE8D256F8242006EB84032AB986
S3150000F660043B9E421A460BD3C8F81040284603B006
S3150000F670BDE8F08F1268043B002ACAD1013CC5E7F9
S3150000F6801268043B002AEFD1013CEAE70020EEE7CE
S3150000F6902DE9F04F97B057EC106B0791016C0A9269
S3150000F6A004460F93209DCDE9006741B1426C4A6044
S3150000F6B0012393408B6000F054FF00232364019BD9
S3150000F6C0002BBFBF01232B60019B23F00043B2BF79
S3150000F6D0019300232B60DDF80480AF4B33EA080367
S3150000F6E013D10F9A42F20F731360009B23B9C8F32C
S3150000F6F01300002800F06785219BA84813B1C31C9E
S3150000F700219A136017B0BDE8F08FDDE9006700228B
S3150000F710002330463946F1F7C5FA814650B10F9AB3
S3150000F72001231360219B002B00F04A859C4818603A
S3150000F7300138E7E714AA15A947EC106B204601F03B
S3150000F74042F9C8F30A558246002D7ED0C7F313034B
S3150000F75043F07F51304641F44011A5F2FF35CDF814
S3150000F760489000228F4BF0F77DFE85A3D3E9002356
S3150000F770F1F730F884A3D3E90023F0F775FE0646C7
S3150000F78028460F46F0F7BCFF81A3D3E90023F1F723
S3150000F79021F802460B4630463946F0F765FE064626
S3150000F7A00F46F1F7C7FA0022834600233046394652
S3150000F7B0F1F782FA58B15846F0F7A2FF02460B4617
S3150000F7C030463946F1F76EFA08B90BF1FF3BBBF14B
S3150000F7D0160F59D8744901EBCB01DDE90023D1E9B5
S3150000F7E00001F1F787FA002850D00BF1FF3B002308
S3150000F7F00E93149B5D1B6B1E069345BFC5F101035B
S3150000F8000593002300234CBF06930593BBF1000F1D
S3150000F8103EDB069BCDF82CB05B4406930023089391
S3150000F820079B092B00F29280052BC4BF043B07936C
S3150000F830079BA3F10203CCBF00250125032B00F291
S3150000F8409180DFE803F07F812F74159B149D1D4482
S3150000F85005F23243202B11DD009A05F21240C3F166
S3150000F860400322FA00F008FA03F31843F0F738FFD2
S3150000F8700123A1F1F871013D129372E7C3F1200053
S3150000F880009B03FA00F0F1E70123B1E70E90B0E721
S3150000F890059BA3EB0B030593CBF100030893002311
S3150000F8A00B93BDE7012309930A9B002B5DDD0393B0
S3150000F8B0029300226264042202F114019942616CEF
S3150000F8C058D9204600F028FE029B04900E2B206497
S3150000F8D000F2E280002D00F0DF809DED007BBBF1A1
S3150000F8E0000F8DED0C7B71DD2F4A0BF00F034FEAF5
S3150000F8F02B1602EBC303F006D3E900893ED52B4B4A
S3150000F90051EC170BD3E90823F1F78EF8CDE9000186
S3150000F91006F00F060325254F002E49D142464B46D9
S3150000F920DDE90001F1F780F8CDE9000167E0012388
S3150000F93009930A9B5B4403930133012B0293B8BFDF
S3150000F9400123B6E70023AEE70023F1E701250023F4
S3150000F950079309954FF0FF33039302930022122376
S3150000F9600A92A6E701230993F4E70123039302937E
S3150000F9701A46F5E70131616452009DE70225CAE7A0
S3150000F98061436F63A787D23FB3C8608B288AC63F9F
S3150000F990FB799F501344D33F0000F07F696C010050
S3150000F9A01F6C01000000F83FA06C0100786C01009C
S3150000F9B0F10708D540464946D7E90023F0F70AFF84
S3150000F9C001358046894676100837A5E700F09D8008
S3150000F9D0CBF100069F4BA04F06F00F0203EBC203CC
S3150000F9E0D3E90023DDE90C01F0F7F4FECDE90001CF
S3150000F9F0361100230225002E7CD1002B94D10E9BBC
S3150000FA00002B00F08480DDE900890022934B4046FC
S3150000FA104946F1F751F9002879D0029B002B76D0A0
S3150000FA20039B002B34DD00228D4B40464946F0F700
S3150000FA30D1FECDE90001039E0BF1FF3701352846C3
S3150000FA40F0F75EFEDDE90023F0F7C4FE0022854BE9
S3150000FA50F0F70AFD8046A1F15079002E5AD1002216
S3150000FA60814BDDE90001F0F7FDFC42464B46CDE94E
S3150000FA700001F1F73FF9002840F09B82424609F168
S3150000FA800043DDE90001F1F717F9002840F08F8205
S3150000FA90DDE90C23CDE90023159B002BC0F2508134
S3150000FAA0BBF10E0F00F34C816A4B03EBCB03D3E99A
S3150000FAB000890A9B002B80F2DB80029B002B00F35F
S3150000FAC0D78040F073820022674B40464946F0F7E4
S3150000FAD081FEDDE90023F1F703F9029E374600288F
S3150000FAE040F04A82049B049A5D1C312313700BF18B
S3150000FAF0010B45E2F20705D5D7E90023F0F76AFEC8
S3150000FB00013501237610083775E7022577E75F464A
S3150000FB10029E94E7049A4F4B32441392099A711E3F
S3150000FB20002A48D003EBC103D3E9002300204F4944
S3150000FB30F0F77AFF42464B46F0F794FC049D804668
S3150000FB408946DDE90001F1F7F5F80646F0F7D8FD3C
S3150000FB5002460B46DDE90001F0F784FC303605F875
S3150000FB60016B42464B46CDE90001F1F7A5F80028A6
S3150000FB7065D1DDE9002300203849F0F773FC4246E1
S3150000FB804B46F1F799F8002840F0BA80139B9D4246
S3150000FB903FF47EAF0022324B40464946F0F71AFE4C
S3150000FBA00022804689462E4BDDE90001F0F712FE61
S3150000FBB0CDE90001C5E703EBC10142464B46D1E959
S3150000FBC00001F0F707FECDE91001049DDDE9000113
S3150000FBD0F1F7B0F80646F0F793FD303602460B46CD
S3150000FBE0DDE90001F0F73EFC05F8016B139BAB4223
S3150000FBF0804689464FF0000225D11C4BDDE91001F5
S3150000FC00F0F732FC02460B4640464946F1F772F8D9
S3150000FC10002875D1DDE9102300201449F0F722FCF5
S3150000FC2002460B4640464946F1F746F800283FF49F
S3150000FC302FAF15F8013C302B05F1FF3201D0BB4642
S3150000FC404EE01546F5E7064BF0F7C4FDCDE9000199
S3150000FC50BCE700BFA06C0100786C01000000F03F1B
S3150000FC600000244000001C40000014400000E03F5B
S3150000FC70DDE90067049D42464B4630463946F0F7BB
S3150000FC80D3FEF1F757F80090F0F73AFD42464B469F
S3150000FC90F0F7A0FD02460B4630463946F0F7E2FB88
S3150000FCA0009E029F303605F8016B049EAE1BB742DC
S3150000FCB002460B4637D1F0F7D7FB06460F460246FB
S3150000FCC00B4640464946F0F7F7FFC0B932463B4679
S3150000FCD040464946F0F7E6FF10B1009BDB070ED41D
S3150000FCE05146204600F03DFC00230F9A2B700BF185
S3150000FCF001031360219B03B11D60049802E55F4672
S3150000FD0015F8012C392A05F1FF3306D1049A9A42D7
S3150000FD1007D130231370013713461A7801321A704F
S3150000FD208DE71D46ECE70022A34BF0F753FD0022BA
S3150000FD30002306460F46F0F7B5FF00289BD0CFE715
S3150000FD40099A002A00F0CD80079A012A00F3AF80B5
S3150000FD50129A002A00F0A78003F23343089E059DFD
S3150000FD60059A1A440592069A01211A4420460692DB
S3150000FD7000F089FC0746002D0CDD069B002B09DDF3
S3150000FD80AB42059AA8BF2B46D21A0592069AED1ADF
S3150000FD90D31A0693089BF3B1099B002B00F0A580AC
S3150000FDA0002E10DD39463246204600F003FD52464D
S3150000FDB001460746204600F06FFC51468046204625
S3150000FDC000F0CFFBC246089B9A1B04D05146204642
S3150000FDD000F0F0FC82460121204600F054FC0B9B0B
S3150000FDE0002B064640F383801A460146204600F063
S3150000FDF0E1FC079B012B06467CDD4FF000083369CA
S3150000FE0006EB8303186900F0F0FBC0F12000069BA7
S3150000FE10184410F01F0000F09680C0F12003042B58
S3150000FE2040F38780059BC0F11C0003440593069BA5
S3150000FE30054403440693059B002B05DD51461A46EF
S3150000FE40204600F0F7FC8246069B002B05DD314676
S3150000FE501A46204600F0EEFC06460E9B002B74D098
S3150000FE603146504600F037FD00286EDA0023514631
S3150000FE700A22204600F07EFB099B0BF1FF3B8246DF
S3150000FE80002B00F0A981002339460A22204600F003
S3150000FE9071FB039B002B074600F3C780079B022BD1
S3150000FEA040F3C38059E0149BC3F1360356E7029B27
S3150000FEB05E1E089BB342BFBF089B0896F21A0B9BB7
S3150000FEC0B6BF9B189E1B0B93029BB8BF0026002B48
S3150000FED0B9BF059B029A059D029BBCBF9D1A0023D4
S3150000FEE03EE7089E059D099F45E7089A6EE7079B32
S3150000FEF0012B19DC009BBBB9019BC3F313039BB910
S3150000FF00019B23F000431B0D1B0583B1059B0133A9
S3150000FF100593069B013306934FF001080B9B002BBC
S3150000FF207FF46DAF012072E74FF00008F6E79846C0
S3150000FF30F4E780D0059A1C331A440592069A1A44AF
S3150000FF401D44134676E70346F4E7029B002B35DC97
S3150000FF50079B022B32DD029B0393039B63B9314659
S3150000FF600522204600F006FB01460646504600F0F4
S3150000FF70B2FC00283FF7B6AD0A9B049D6FEA030B5F
S3150000FF80002302933146204600F0EBFA002F3FF49F
S3150000FF90A7AE029B2BB1BB4203D01946204600F008
S3150000FFA0E0FA3946204600F0DCFA99E600263746A4
S3150000FFB0E2E7BB46374695E500002440099B93BB24
S3150000FFC0029B0393049D31465046FFF7D5FA00F194
S3150000FFD0300905F8019B049B039AEB1A9A4200F339
S3150000FFE0DC80049B012AACBF9B1801339846002392
S3150000FFF0029351460122204600F01CFC31468246FF
S3150001000000F069FC002800F38D8003D119F0010F7F
S3150001001040F08880454615F8013C302B05F1FF324A
S31500010020B0D11546F7E7029B0393002D05DD39464E
S315000100302A46204600F0FEFB0746B8F1000F4CD0D9
S315000100407968204600F068FA3A690232054692005C
S3150001005007F10C010C30FCF78DFE012229462046E2
S3150001006000F0E8FB009BDDF81080029703F0010326
S315000100700746059331465046FFF77EFA0299054633
S3150001008000F13009504600F026FC3A460090314610
S31500010090204600F03AFCC368024603BB01460690BF
S315000100A0504600F018FC069A034611462046069370
S315000100B000F057FA069BA3B9079A92B9059A82B935
S315000100C0B9F1390F29D0009B002B01DD05F131096A
S315000100D008F1010588F8009054E73846C2E7012384
S315000100E0E3E7009A002A04DB25D1079A1ABB059A91
S315000100F00ABB002BECDD51460122204600F09AFB9B
S315000101003146824600F0E7FB002803DCE0D119F016
S31500010110010FDDD0B9F1390FD8D1392388F8003074
S3150001012008F10108454615F8013C392B05F1FF3266
S315000101303BD0013340E0002B08F1010505DDB9F1A3
S31500010140390FEAD009F10109C4E7049B039A05F8BE
S31500010150019CEB1A9342A8463FF44BAF514600234C
S315000101600A22204600F006FA029B0299BB42824609
S315000101704FF000034FF00A02204604D100F0FAF9CD
S315000101800290074676E700F0F5F9002302900A226D
S315000101903946204600F0EEF9F3E7514600230A22DC
S315000101A0204600F0E7F982460DE7049B934205D10C
S315000101B0049A0BF1010B31231370E3E61546B2E7FE
S315000101C00A48FFF79FBA219B0948002B3FF49AAAD8
S315000101D000F10803FFF794BA039B002B3FF7F2AE39
S315000101E0079B022B7FF7EEAEB7E600BF1E6C010040
S315000101F0606C0100014B1868704700BF248BFF1F1C
S3150001020093682DE9F74F07460C4690461BB9002027
S3150001021003B0BDE8F08F8B89180726D50B6923B388
S31500010220A389D8F8006013F002092DD04FF0000A17
S31500010230DFF864B2D146B9F1000F1FD0D9454B465C
S31500010240524628BF5B46E169656A3846A8470028D9
S3150001025040F38980D8F808308244A9EB0009181ABE
S31500010260C8F808000028E6D1D1E721463846FFF74D
S31500010270CFF80028D4D04FF0FF30C9E7D6F800A058
S31500010280D6F804900836D6E713F0010343D0484662
S31500010290CA46CB46BBF1000F00F0D98050B95A4689
S315000102A00A215046F0F77CFF002800F0D580013086
S315000102B0A0EB0A09206821696269D9454B4628BF26
S315000102C05B46884240F2CB80A5681544AB4240F3B9
S315000102D0C68051462A46FCF75BFD23682B44236002
S315000102E021463846FCF7B8F800283CD1B9EB050998
S315000102F040F0CF8021463846FCF7AEF8002832D1CF
S31500010300D8F80830AA44ABEB050B5D1BC8F80850BA
S31500010310002DBFD17BE799469A46BAF1000F27D047
S31500010320A289A568910565D5AA453BD312F4906FBC
S3150001033036D0216923685B1A01936369022003EBB6
S31500010340430393FBF0FB019B581C5044834538BF84
S31500010350834653053ED559463846FCF7E1FA05462C
S3150001036050B90C233B60A38943F04003A38182E784
S3150001037096E800060836D0E7019A2169FCF7FAFCEF
S31500010380A28922F4906242F08002A281019B25613A
S315000103901D44ABEB03032560C4F814B05546A360B6
S315000103A0AA4500D255462A4649462068FCF7F0FC84
S315000103B0A3685B1BA36023681D4425605546D8F8D6
S315000103C00830A944AAEB050A5D1BC8F80850002DA0
S315000103D0A3D11CE75A463846FCF706FD0546002818
S315000103E0D4D121693846FCF7F7F8A38923F08003B5
S315000103F0A381B6E720682369984202D862699245CB
S3150001040015D2554528BF55462A464946FCF7C0FC34
S31500010410A36822685B1B2A44A3602260002BCED10D
S3150001042021463846FCF718F80028C8D09BE76FF03C
S315000104300043534528BF5346656A93FBF2F3E169CE
S31500010440534338464A46A847051EB8DC8BE796E86B
S31500010450000C002008361DE70BF101092AE793423B
S3150001046009DB656AE169134638465246A847051E07
S315000104703FF73CAF77E71A4651460193FCF788FCF4
S31500010480019BA268D21AA26022681A4422601D4604
S315000104902CE7012034E700BF00FCFF7F38B5064C8E
S315000104A0002305460846236000F0F6FC431C02D1F2
S315000104B0236803B12B6038BDDC0B00200048704770
S315000104C04094FF1F014B93F8280170475093FF1F7B
S315000104D038B5074C054608461146002222601A46E1
S315000104E000F0E2FC431C02D1236803B12B6038BD46
S315000104F0DC0B002082B001B901A942B14BB11378DE
S315000105000B601278101C18BF012002B0704710460C
S31500010510FBE76FF00100F8E7C36C70B505460C46C2
S315000105207BB1EB6C53F82400A0B9012101FA04F662
S31500010530721D92002846FBF785FE48B1446086602D
S315000105400BE021220421FBF77DFEE8640028E8D1B7
S31500010550002070BD026843F8242000230361C360B4
S3150001056070BD31B1C36C4A6853F82200086043F884
S31500010570221070472DE9F0410D691F4606460C46CB
S3150001058001F1140C0023DCF8000081B202FB0171B9
S315000105900F0C000C02FB007089B2013301EB004124
S315000105A09D424FEA10474CF8041BECDCD7B1A36817
S315000105B09D4212DB616830460131FFF7ADFF2269CA
S315000105C0023204F10C01804692000C30FCF7D2FB9A
S315000105D021463046FFF7C5FF444604EB8503013546
S315000105E05F6125612046BDE8F081020C12040346D5
S315000105F0B2B90304102013F07F4F04BF1B02083069
S3150001060013F0704F04BF1B01043013F0404F04BFB9
S315000106109B000230002B06DB5B0003D501307047DF
S315000106200020E8E720207047036813F0070201461F
S315000106300BD0DA0723D4980749BF5B089B08012032
S315000106400B605CBF0B600220704798B2A8B91B0C07
S31500010650102013F0FF0F04BF1B0A08301A0704BF4E
S315000106601B0904309A0704BF9B080230DA0702D43B
S315000106705B0806D001300B6070471046E9E70020A1
S3150001068070472020704710B50C460121FFF744FF43
S3150001069001224461026110BD2DE9F74F14460A6932
S315000106A023699A42B8BF0B468946BCBFA1461C4680
S315000106B0D9F81070D4F810A0D9F80830D9F8041078
S315000106C007EB0A069E42C8BF0131FFF725FF00F17D
S315000106D0140505EB86082B460022434516D304F183
S315000106E0140209F1140102EB8A0301EB8707019356
S315000106F0019C944213460CD8002E03DD58F8043DA4
S31500010700002B54D0066103B0BDE8F08F43F8042BEB
S31500010710E3E7B3F800A00432BAF1000F20D0AC46EB
S3150001072089464FF0000E59F8044BBCF800B0A3B24D
S315000107300AFB03B34FEA144BDCF8004073444FEA5B
S31500010740144E0AFB0BE404EB13449BB243EA044345
S315000107504F454FEA144E4CF8043BE4D8CCF800E080
S3150001076032F8029CB9F1000F1FD02B68AC468E46B9
S315000107704FF0000ABEF80040BCF802B009FB04B411
S31500010780A2449BB243EA0A434CF8043B5EF8043B9D
S31500010790BCF800401B0C09FB034303EB1A437745E6
S315000107A04FEA134AE6D8CCF800300435A0E7013EFB
S315000107B0A2E700002DE9F843154612F003020646AA
S315000107C00F4607D0013A1A4C002354F82220FFF7AE
S315000107D0D1FE0746AD1027D0B46C44B940F2712161
S315000107E03046FFF750FF0023B064044603604FF024
S315000107F00008EB070AD5394622463046FFF74CFF7B
S31500010800394681463046FFF7ACFE4F466D100BD098
S31500010810206838B9224621463046FFF73DFF206061
S31500010820C0F800800446E4E73846BDE8F88300BF17
S31500010830686D01002DE9F0470C464FEA621A2369FB
S3150001084049680AEB0309A3680746164609F101053B
S31500010850AB4231DB3846FFF75FFE0022804600F1EE
S315000108601403114652452ADB20692AEAEA7A04F181
S31500010870140116F01F0203EB8A0301EB800C22D050
S31500010880C2F1200E00200E689640304343F8040B57
S3150001089051F8040B8C4520FA0EF0F4D8186008B113
S315000108A009F10205013D3846C8F810502146FFF707
S315000108B058FE4046BDE8F08701315B00C8E743F8C2
S315000108C022100132CEE7043B51F8042B43F8042FE2
S315000108D08C45F9D8E6E703690A699B1A30B50CD14C
S315000108E09200143014318418114454F8045D51F8FF
S315000108F0042D954203D005D30123184630BDA042ED
S31500010900F3D3FAE74FF0FF33F7E72DE9F0470D464A
S315000109100746114628461446FFF7DDFF061E08D195
S3150001092031463846FFF7F8FD012303614661BDE80C
S31500010930F087A4BF23462C4638466168A6BF1D46EC
S3150001094000260126FFF7E8FD2B69C660266905F139
S31500010950140904F1140202EB860709EB830800F17E
S3150001096014054FF0000E52F804AB59F8044B1EFA69
S315000109708AF1A3B2C91A230CC3EB1A4303EB214331
S3150001098089B24FEA234EC84541EA0343944645F8E6
S31500010990043BE8D8BC4505D355F8043D8BB1066147
S315000109A0BDE8F0875CF8041B1EFA81F31A1402EB0A
S315000109B011429BB243EA02434FEA224E45F8043BF9
S315000109C0E8E7013EE8E72DE9F7430E46012159EC38
S315000109D0108B1546FFF7A0FDC9F30A540746C9F364
S315000109E0130334BB0193B8F1000F27D002A840F8D6
S315000109F0088DFFF719FE0099F0B1019AC0F12003A5
S31500010A0002FA03F30B43C2407B610192019BBB6176
S31500010A10002B14BF022101213961C4B1A4F2334470
S31500010A2004443460C0F135002860384603B0BDE89F
S31500010A30F08343F48013D5E77961E7E701A8FFF76F
S31500010A40F3FD019B7B61012139612030E5E707EB6D
S31500010A508103A0F2324030601869FFF7C6FDC0EB92
S31500010A604110E1E738B5074C054608461146002214
S31500010A7022601A4600F020FA431C02D1236803B112
S31500010A802B6038BDDC0B002010EE903A43F000409D
S31500010A9000F58010C00F704793682DE9F74F814626
S31500010AA00C461746002B60D04FF0000BD2F800A081
S31500010AB05E4656B3A3689E4244D3A28912F4906F50
S31500010AC03ED025682169A5EB01086569022305EB7E
S31500010AD0450595FBF3F508F1010333449D4238BF03
S31500010AE01D46530546D529464846FBF719FF98B9D1
S31500010AF00C23C9F80030A38943F04003A3810023E6
S31500010B00BB607B604FF0FF3031E0DAF800B0DAF815
S31500010B1004600AF1080ACCE7424621690190FCF714
S31500010B2029F9A289019B22F4906242F08002A281F6
S31500010B30236165614344A5EB08052360A56033463F
S31500010B409E4200D233461A46594620680193FCF765
S31500010B501FF9A268019BD21AA2602268134423607E
S31500010B60BB689E1BBE60002ECFD10020786003B00B
S31500010B70BDE8F08F2A464846FCF736F903460028B9
S31500010B80D6D121694846FBF727FDB1E72DE9F84F94
S31500010B90936880460F4614461BB953601846BDE854
S31500010BA0F88F0B6E9D0423D51568A068083520B90A
S31500010BB00023A3606360BDE8F88F55F8046C55F80F
S31500010BC008BC4FEA960A4FF00009CA4505DCA3683E
S31500010BD026F003069E1BA660E7E73A465BF8291056
S31500010BE0404600F056F8431CE2D009F10109ECE752
S31500010BF0FFF706FBDCE749B1FF2A85BF8A230360BD
S31500010C000A704FF0FF3098BF0120704708467047C1
S31500010C102DE9F74380460E461446FFF753FC01289B
S31500010C201CD1731EFE2B19D88DF8046005460027CA
S31500010C300DF10409AF4220D0A36817F80910013B52
S31500010C40002BA36004DAA26993421ADB0A2918D0A1
S31500010C5023685A1C226019700137EBE7324604F10A
S31500010C60580301A9404600F06BF8421C0546DED147
S31500010C70A38943F04003A3810646304603B0BDE88D
S31500010C80F0832246404600F012F8431CE4D10646A2
S31500010C90F3E7B2F90C3013F4005F06D143F40053C5
S31500010CA09381136E43F400531366FFF7B1BFF8B592
S31500010CB00D461446064618B1836B0BB9FBF708FCC3
S31500010CC0A369A360A389190728D5236933B3B4F9A6
S31500010CD00C30EDB29A042F462AD523692068C01A32
S31500010CE06369984204DB21463046FBF7B5FBD8B968
S31500010CF0A368013BA36023685A1C22601D706369C7
S31500010D000130984204D0A389DB070FD50A2D0DD1F6
S31500010D1021463046FBF7A0FB40B105E021463046AF
S31500010D20FEF776FB0028D2D04FF0FF373846F8BDE4
S31500010D3043F40053A381236E23F400532366CCE7C7
S31500010D40F0B5094C85B005461E46D4F8E04009B910
S31500010D500A4601A9A047431C01BF002333608A2329
S31500010D602B6005B0F0BD00BF5093FF1F00000000CF
S31500010D7051EC100B2DE9F041C1F30A57A7F2FF36EA
S31500010D80132E10EE108A0C4610EE105A35DC002E8A
S31500010D9017DA35A3D3E90023EFF766FB0022002318
S31500010DA0EFF7A8FF50B1002C5ADA24F0004353EABA
S31500010DB008032F4B4FF0000518BF1C462146284655
S31500010DC025E02C4F374101EA070303431FD026A331
S31500010DD0D3E90023EFF748FB00220023EFF78AFF50
S31500010DE00028EBD0002CBEBF4FF4801343FA06F661
S31500010DF0A41924EA07040025E0E7332E0BDDB6F536
S31500010E00806F04D110EE102A0B46EFF72DFB41EC53
S31500010E10100BBDE8F081A7F213474FF0FF3323FA19
S31500010E2007F73842F3D010A3D3E90023EFF71CFBF1
S31500010E3000220023EFF75EFF0028BFD0002C02DA64
S31500010E40142E03D1013425EA0705B7E70123C6F1BC
S31500010E50340603FA06F63544A84588BFE418F2E7D6
S31500010E6000252C46AAE700BF9C7500883CE4377E26
S31500010E700000F0BFFFFF0F00024B58221A604FF02F
S31500010E80FF307047DC0B0020024B58221A604FF0EE
S31500010E90FF307047DC0B0020024B58221A600020FD
S31500010EA0704700BFDC0B0020024B58221A604FF03E
S31500010EB0FF307047DC0B0020024B58221A604FF0BE
S31500010EC0FF307047DC0B0020044B1968024609B954
S31500010ED003491960186802441A607047E00B002044
S31500010EE0E80B0020024B58221A604FF0FF30704782
S31500010EF0DC0B0020FEE700000000000000000000FF
S31500010F0000000000000000000000000000000000DA
S31500010F1000000000000000000000000000000000CA
S31500010F2000000000000000000000000000000000BA
S31500010F3000000000000000000000000000000000AA
S31500010F4000000000000000000000730032002100D4
S31500010F50610049004A004B004C004D003D00000075
S31500010F60240025002B00360031000000200000007F
S31500010F70380039003A00260000003B0027005A00DD
S31500010F80660037002C002D002E0040006A006B0021
S31500010F906C000000000000000000000000000000DE
S31500010FA00000000000FCAC06007E5603003FAB01CA
S31500010FB000FCAC06007E5603003FAB0100FCAC060C
S31500010FC0007E5603003FAB01000000000000000058
S31500010FD0000000000000000000000000000000000A
S31500010FE000FCAC06007E5603003FAB01000000008A
S31500010FF0000000000000000000B4C404006CDC0224
S31500011000B0F3960100B4C404006CDC02B0F396019F
S3150001101000B4C404006CDC02B0F3960100000000C9
S3150001102000000000000000000000000000000000B9
S315000110300000000000B4C404005A6202B0F3960135
S3150001104000000000000000000000000000093D0053
S3150001105000093D0040420F0000093D0000093D0026
S3150001106040420F0000093D0000093D0040420F00CB
S315000110700000000000000000000000000000000069
S31500011080000000000000000000093D0000093D00CD
S3150001109040420F00000000000000000000000000B8
S315000110A00000000000000000000000000000000039
S315000110B00000004141414141000000000020202084
S315000110C02020202020202000404040404000800079
S315000110D048484848003030303030303030363030D3
S315000110E030000000010000000040024000500240B4
S315000110F000B002404E555C004F565D0051585F529C
S31500011100808000005080800000010203040506076C
S3150001111008090909090A0A0A0A0B0B0B0B0C0C0C24
S315000111200C0D0D0D0D0D0D0D0D0E0E0E0E0E0E0EE2
S315000111300E0E0E0E0E0E0E0E0E0F0F0F0F0F0F0FC1
S315000111400F0F0F0F0F0F0F0F0F000000008003404E
S315000111500090034000A00340006002403C3D3E3F3A
S31500011160636364646565666669696A6A6B6B6C6C00
S315000111706F6F707071717272757576767777787830
S31500011180686E747A2D2C000000000000000000003B
S315000111900000000000000000000000000000000048
S315000111A00000000000000000000000000000000C2C
S315000111B0000C000C000C000C000C000C000C000CC8
S315000111C0000C000C0000000C000C000000000000E8
S315000111D00000001B001B001B001B001B0000000081
S315000111E000000000000000000000000000000000F8
S315000111F00000000000008019801980198019C07F45
S31500011200C07F80190033C07FC07F003300330033B5
S3150001121000330000000000000000001E003F807542
S3150001122080650074003C001E0007800580658065AE
S315000112308075003F001E00040004000000000070DD
S3150001124000D840D8C0D880D900730006000C801B96
S31500011250C036C066C046C00680030000000000001C
S315000112600000001E003F003300330033001E000C57
S31500011270C03CC066806380618063C03E801C000004
S31500011280000000000000000C000C000C000C000C1B
S315000112900000000000000000000000000000000047
S315000112A000000000000000008000000100030006AD
S315000112B000060004000C000C000C000C000C000CD5
S315000112C00004000600060003000180000020001053
S315000112D00018000C000C00040006000600060006BB
S315000112E0000600060004000C000C00180010002087
S315000112F00000000C002D003F001E0033000000001E
S3150001130000000000000000000000000000000000D6
S3150001131000000000000000000000000C000C000CA2
S31500011320000CC0FFC0FF000C000C000C000C0000FC
S3150001133000000000000000000000000000000000A6
S315000113400000000000000000000000000000000096
S315000113500000000C000C000400040008000000005E
S315000113600000000000000000000000000000001E58
S31500011370001E000000000000000000000000000048
S315000113800000000000000000000000000000000056
S3150001139000000000000000000000000C000C00002E
S315000113A00000000000000003000300030006000621
S315000113B000060006000C000C000C000C00180018BA
S315000113C000180000000000000000001E003F00336E
S315000113D0806180618061806D806D806180618061E6
S315000113E00033003F001E0000000000000000000660
S315000113F0000E001E00360026000600060006000646
S3150001140000060006000600060006000000000000B7
S315000114100000001E003F807380618061800100032F
S315000114200006000C001800300060807F807F0000FD
S31500011430000000000000001C003E00630063000382
S31500011440000E000E00038001800180618073003F61
S31500011450001E00000000000000000006000E000E45
S31500011460001E001E0016003600360066807F807F53
S315000114700006000600060000000000000000007FD4
S31500011480007F006000600060006E007F8063800165
S31500011490800180618073003F001E00000000000093
S315000114A00000001E003F803380610060006E007FF7
S315000114B080738061806180618033003F001E00007F
S315000114C0000000000000807F807F80010003000390
S315000114D000060006000C000C000C0008001800189D
S315000114E000180000000000000000001E003F80639D
S315000114F0806180610021001E003F80618061806102
S315000115008061003F001E0000000000000000001E78
S31500011510003F00738061806180618073803F801D20
S31500011520800180610073003F001E00000000000082
S3150001153000000000000000000000000C000C00008C
S3150001154000000000000000000000000C000C00007C
S315000115500000000000000000000000000000000084
S31500011560000C000C00000000000000000000000C50
S31500011570000C000400040008000000000000000048
S3150001158080008003000E003800600038000E8003E2
S3150001159080000000000000000000000000000000C4
S315000115A0000000000000807F807F00000000807F37
S315000115B0807F000000000000000000000000000025
S315000115C0000000000000000000400070001C000741
S315000115D080010007001C00700040000000000000B0
S315000115E0000000000000001F803FC071C060C00005
S315000115F0C00180030007000E000C000C0000000C67
S31500011600000C0000000000000000001E003F8031B9
S3150001161080718063806F806D806D806F80670060F0
S315000116200032003E001C0000000000000000000E19
S31500011630000E001B001B001B001B80318031803F08
S31500011640803F8031C060C060C060000000000000C3
S315000116500000007C007E0063006300630063007E7F
S31500011660007E0063806180618063007F007E0000F0
S31500011670000000000000001E003F80318061006014
S315000116800060006000600060006080618031003FA2
S31500011690001E0000000000000000007C007F0063C7
S315000116A080638061806180618061806180610063A7
S315000116B00063007E007C0000000000000000807FC7
S315000116C0807F0060006000600060007F007F006036
S315000116D0006000600060807F807F000000000000E5
S315000116E00000807F807F0060006000600060007FF6
S315000116F0007F006000600060006000600060000024
S31500011700000000000000001E003F80318061006083
S315000117100060006080638063806180618031803F0A
S31500011720001E0000000000000000806180618061F1
S31500011730806180618061807F807F8061806180615E
S315000117408061806180610000000000000000003FB0
S31500011750003F000C000C000C000C000C000C000CEF
S31500011760000C000C000C003F003F000000000000D0
S3150001177000008001800180018001800180018001DB
S3150001178080018001806180618073003F001E00003E
S31500011790000000000000C060806100630066006612
S315000117A0006C0078007C00660066006380618061E1
S315000117B0C0600000000000000000006000600060E2
S315000117C00060006000600060006000600060006012
S315000117D00060807F807F0000000000000000C07173
S315000117E0C071C07BC07AC06AC06AC06EC064C06086
S315000117F0C060C060C060C060C06000000000000042
S31500011800000080718071807980798079806D806D2A
S31500011810806D806580678067806780638063000074
S31500011820000000000000001E003F0033806180615F
S315000118308061806180618061806180610033003FE9
S31500011840001E0000000000000000007E007F806393
S315000118508061806180618063007F007E006000603E
S315000118600060006000600000000000000000001E33
S31500011870003F0033806180618061806180618061A9
S31500011880806580670033803F401E00000000000035
S315000118900000007E007F8063806180618063007F3D
S315000118A0007E00660063006380618061C0600000A5
S315000118B0000000000000000E001F80318031003062
S315000118C00038001E00078003806180618031003F7F
S315000118D0001E0000000000000000C0FFC0FF000C59
S315000118E0000C000C000C000C000C000C000C000C91
S315000118F0000C000C000C00000000000000008061DC
S3150001190080618061806180618061806180618061C8
S31500011910806180618073003F001E000000000000AE
S315000119200000C060C060C060803180318031001B22
S31500011930001B001B001B000E000E000E0004000021
S31500011940000000000000C0C0C0C0C0C0C0C0C0C010
S31500011950C0CC804C804C805E805280528073806106
S3150001196080610000000000000000C0C0806080614E
S315000119700033003B001E000C000C001E001F003B44
S3150001198080718061C0C00000000000000000C0C07E
S315000119908061806100330033001E001E000C000CC4
S315000119A0000C000C000C000C000C000000000000F4
S315000119B00000803F803F8001000300030006000C09
S315000119C0000C0018001800300060807F807F000046
S315000119D000000000000F000F000C000C000C000CB2
S315000119E0000C000C000C000C000C000C000C000C90
S315000119F0000C000C000F000F000000180018001862
S31500011A00000C000C000C000C000600060006000687
S31500011A10000300030003000000000000001E001E7A
S31500011A20000600060006000600060006000600067F
S31500011A30000600060006000600060006001E001E3F
S31500011A400000000C000C001E001200330033806100
S31500011A50806100000000000000000000000000009E
S31500011A60000000000000000000000000000000006F
S31500011A70000000000000000000000000000000005F
S31500011A8000000000E0FF0000000000380018000C14
S31500011A90000000000000000000000000000000003F
S31500011AA0000000000000000000000000000000002F
S31500011AB0000000000000001F803F80618001801F40
S31500011AC0803F80618063807FC03800000000000095
S31500011AD000000060006000600060006E007F80739F
S31500011AE080618061806180618073007F006E00008B
S31500011AF00000000000000000000000000000001EC1
S31500011B00003F807380610060006080618073003FE8
S31500011B10001E00000000000000008001800180011D
S31500011B208001801D803F807380618061806180615A
S31500011B308073803F801D000000000000000000004F
S31500011B40000000000000001E003F00738061807FDE
S31500011B50807F00608071003F001E000000000000D1
S31500011B600000C007C00F000C000C807F807F000CB6
S31500011B70000C000C000C000C000C000C000C00000A
S31500011B80000000000000000000000000801D803FF2
S31500011B90807380618061806180618073803F801D78
S31500011BA080018063007F003E0000006000600060ED
S31500011BB00060006F807F80718061806180618061DB
S31500011BC08061806180610000000000000000000665
S31500011BD0000600000000003E003E0006000600066A
S31500011BE000060006000600060006000000000000D0
S31500011BF00006000600000000003E003E000600064A
S31500011C00000600060006000600060006000600465D
S31500011C10007E003C000000600060006000608061A2
S31500011C2000630066006C007C0076006300638061DF
S31500011C30C0600000000000000000003E003E0006FB
S31500011C40000600060006000600060006000600065D
S31500011C50000600060006000000000000000000006B
S31500011C6000000000000080DDC0FFC0CEC0CCC0CCAB
S31500011C70C0CCC0CCC0CCC0CCC0CC000000000000A1
S31500011C8000000000000000000000006F807F8071EE
S31500011C908061806180618061806180618061000016
S31500011CA00000000000000000000000000000001E0F
S31500011CB0003F807380618061806180618073003F35
S31500011CC0001E0000000000000000000000000000EF
S31500011CD0006E007F807380618061806180618073A6
S31500011CE0007F006E00600060006000600000000080
S31500011CF000000000801D803F8073806180618061EB
S31500011D0080618073803F801D800180018001800198
S31500011D10000000000000000000000067803F00395D
S31500011D20003000300030003000300030003000005C
S31500011D300000000000000000000000000000001E7E
S31500011D40803F80610060007F803F80018061007F6D
S31500011D50001E00000000000000000000000800183E
S31500011D600018007F007F00180018001800180018DE
S31500011D700018801F800F0000000000000000000016
S31500011D8000000000000080618061806180618061E7
S31500011D90806180618063807F803D000000000000DB
S31500011DA000000000000000000000C06080318031AA
S31500011DB08031001B001B001B000E000E00060000F8
S31500011DC0000000000000000000000000000080DDAF
S31500011DD080DD80DD00550055005500770077002233
S31500011DE000220000000000000000000000000000CA
S31500011DF00000806100330033001E000C000C001E41
S31500011E000033003380610000000000000000000084
S31500011E100000000080618061803100330033001BC7
S31500011E20001B001B000E000E000E001C007C007043
S31500011E3000000000000000000000C07FC07F80019C
S31500011E4000030006000C00180030C07FC07F0000B0
S31500011E500000000080038007000600060006000659
S31500011E600006000E001C001C000E000600060006FF
S31500011E70000600068007800300060006000600062D
S31500011E80000600060006000600060006000600061B
S31500011E900006000600060006000600060038003CA3
S31500011EA0000C000C000C000C000C000E00070007D3
S31500011EB0000E000C000C000C000C000C003C00385D
S31500011EC00000000000000000000000000000803853
S31500011ED0807F0047000000000000000000000000B5
S31500011EE000000000000000000000000000000000EB
S31500011EF000000000000000000000000000000000DB
S31500011F00000000000010001000100010001000106A
S31500011F10001000100000000000100000000000008A
S31500011F200000001800180018000000000000000062
S31500011F30000000000000000000000000000000009A
S31500011F40800480048004C01F000900090009C03F05
S31500011F500009001200120000000000000004000F3A
S31500011F60801080100010000800078000800080109B
S31500011F708010000F0004000000000000001C401249
S31500011F8080128012001D00017002900490049008D6
S31500011F9070000000000000000000000600090011AA
S31500011FA00012000C000C40124011C0108010600F8E
S31500011FB000000000000000000020002000200000BA
S31500011FC0000000000000000000000000000000000A
S31500011FD000000000000400080010001000100010AE
S31500011FE00010001000100010001000100010000872
S31500011FF00004002000100008000800080008000482
S315000120000004000400080008000800080010002071
S315000120100000000800080029001E0014001200003C
S3150001202000000000000000000000000000000000A9
S31500012030000000000004000400040004C03F000486
S31500012040000400040004000000000000000000007D
S315000120500000000000000000000000000000000079
S315000120600000001000100010000000000000000039
S315000120700000000000000000003C0000000000001D
S315000120800000000000000000000000000000000049
S315000120900000000000000000000000000000001029
S315000120A0000000000000000000020002000400041D
S315000120B000040008000800080010001000100010BD
S315000120C0000000000000000F8010801080108010BA
S315000120D080108010801080108010000F000000001A
S315000120E0000000000006001A0002000200020002C1
S315000120F000020002000200020002000000000000CF
S315000121000000000F80108010800000010001000215
S31500012110000400080010801F0000000000000000FD
S31500012120000F801080108000800000078001800071
S3150001213080108010000F0000000000000000000168
S315000121400003000500050009000900110021C03F38
S31500012150000100010000000000000000800F0010D7
S3150001216000100010000F8010800080008010800891
S31500012170000700000000000000000003000C001032
S315000121800010001F80108010801080108010000F3A
S315000121900000000000000000803F800000010001F7
S315000121A0000100020002000400040008000800000B
S315000121B0000000000000000F8010801080108010C9
S315000121C0000F8019801080108010000F00000000A1
S315000121D000000000000F8010801080108010801019
S315000121E0800F800080000001000E0000000000004A
S315000121F000000000000000000010000000000000C8
S3150001220000000000000000100000000000000000B7
S3150001221000000000000000100000000000000000A7
S315000122200000000000100010001000000000000077
S315000122300000000080000003000C0010000C0003E9
S315000122408000000000000000000000000000000007
S3150001225000000000801F00000000801F0000000039
S315000122600000000000000000000000000000000067
S315000122700010000C000380000003000C0010000099
S315000122800000000000000000000E00110011000116
S315000122900001000200040004000000000004000028
S315000122A00000000000000000F0010C060408E21026
S315000122B022112212221222122412DC1100082004F9
S315000122C0C003000000060006000500090009800899
S315000122D08010800F401040202020000000000000E8
S315000122E00000801F8010401040108010001FC01099
S315000122F0401040104010801F000000000000000048
S315000123008007400820100010001000100010001077
S315000123102010400880070000000000000000800F28
S315000123204008400820082008200820082008400806
S315000123304008800F0000000000000000C00F0008E8
S31500012340000800080008800F0008000800080008BF
S31500012350C00F0000000000000000C00F00080008C8
S3150001236000080008800F000800080008000800089F
S315000123700000000000000000800740082010001047
S3150001238000100010E011201020102008C0070000E6
S31500012390000000000000200820082008200820086E
S315000123A0E00F20082008200820082008000000006F
S315000123B000000000000800080008000800080008E6
S315000123C000080008000800080008000000000000DE
S315000123D00000800080008000800080008000800076
S315000123E0801080100011000E0000000000000000A7
S315000123F0600880080009000A000C000A000A0009AA
S3150001240080084008200800000000000000000008C5
S315000124100008000800080008000800080008000875
S315000124200008800F000000000000000008080808EE
S315000124301808180C280C280C280A480A4809880983
S315000124408808000000000000000020082008200C79
S31500012450200C200A20092009A0086008600820082D
S315000124600000000000000000800740082010201036
S315000124702010201020102010201040088007000096
S31500012480000000000000801F401040104010401066
S315000124904010801F00100010001000100000000006
S315000124A00000000080074008201020102010201096
S315000124B02010201020104008800740002000000056
S315000124C00000800F40084008400840088008000FBF
S315000124D08008800840082008000000000000000075
S315000124E0800F401040100010000E80034000400095
S315000124F040104010800F0000000000000000E03F87
S3150001250000020002000200020002000200020002B4
S315000125100002000200000000000000002010201050
S31500012520201020102010201020102010201040080C
S31500012530800700000000000000002020402040101D
S3150001254080108010800800090009000500060006B9
S3150001255000000000000000008210C2104211441168
S3150001256024112409240A280A180A08040804000068
S3150001257000000000000040208010800800090006CD
S3150001258000020005000980084010602000000000DC
S31500012590000000006020401080108008000900063D
S315000125A0000200020002000200020000000000001A
S315000125B00000C01F8000800000010002000200042C
S315000125C0000800100010C01F0000000000000018E5
S315000125D00010001000100010001000100010001074
S315000125E0001000100010001000180000000000206C
S315000125F00020001000100008000800080004000474
S31500012600000400020002000000000060002000201B
S3150001261000200020002000200020002000200020B3
S31500012620002000200060000000000008000C0014DB
S31500012630001200120000000000000000000000006F
S315000126400000000000000000000000000000000083
S315000126500000000000000000000000000000007EF5
S31500012660000000000000001000080000000000004B
S315000126700000000000000000000000000000000053
S3150001268000000000000000000000000F8010800024
S31500012690800F801080108011800E00000000000065
S315000126A00000001000100010001F80108010801024
S315000126B0801080108010001F000000000000000044
S315000126C0000000000000000F8010801000100010B4
S315000126D000108010000F00000000000000008000C4
S315000126E080008000800F8010801080108010801084
S315000126F08010800F000000000000000000000000B4
S315000127000000000F80108010801F001000100008CC
S3150001271080070000000000000006000800100010FD
S31500012720001C001000100010001000100010001016
S315000127300000000000000000000000000000800F03
S31500012740801080108010801080108010800F800013
S315000127500011000F00000010001000100017801873
S315000127608010801080108010801080100000000002
S315000127700000000000100000000000100010001012
S3150001278000100010001000100010000000000000F2
S315000127900000002000000000002000200020002092
S315000127A000200020002000200020002000C00000A2
S315000127B000100010001080110012001400180014FF
S315000127C0001200118010000000000000000000103F
S315000127D00010001000100010001000100010001072
S315000127E000100010000000000000000000000000C2
S315000127F000003817C41884108410841084108410C3
S31500012800841000000000000000000000000000002D
S3150001281000178018801080108010801080108010A2
S315000128200000000000000000000000000000000F92
S31500012830801080108010801080108010000F000022
S31500012840000000000000000000000000001F8010D2
S3150001285080108010801080108010001F0010001062
S3150001286000100000000000000000800F80108010A2
S315000128708010801080108010800F80008000800002
S3150001288000000000000000000016001800100010F3
S3150001289000100010001000100000000000000000F1
S315000128A0000000000000000E00110010000C0003E3
S315000128B000010011000E00000000000000000000F1
S315000128C000100010003C0010001000100010001055
S315000128D00010000C000000000000000000000000D5
S315000128E000008010801080108010801080108010F1
S315000128F0800F000000000000000000000000000042
S3150001290080200021001100120012000A000C0004B0
S315000129100000000000000000000000000000182177
S3150001292010231013A012A014A014600C400800007C
S3150001293000000000000000000000000080210012DD
S31500012940000A000C000C000A0011802100000000A2
S31500012950000000000000000000008020002100119E
S3150001296000120012000A000C0004000400080018FE
S315000129700000000000000000001F0001000200042A
S31500012980000800100010801F000000000000000673
S3150001299000080008000800080008000800100008E8
S315000129A000080008000800080008000600000010E2
S315000129B00010001000100010001000100010001090
S315000129C00010001000100010000000200010001080
S315000129D000080008000800080004000800080008B4
S315000129E00008001000100020000000000000000098
S315000129F000000000200C2013C011000000000000A0
S31500012A0000000000000000000000000000000000BF
S31500012A1000000000000000000000000000000000AF
S31500012A20000000000000000000000000000000009F
S31500012A300000000000000000800380038003800383
S31500012A408003800380038003800380038003800367
S31500012A500000000000000000000000008003800369
S31500012A608003000000000000701C701C701C701CAC
S31500012A70701C701C701C701C701C00000000000093
S31500012A80000000000000000000000000000000003F
S31500012A900000000000000000701C701C701C701CFF
S31500012AA0701C701CFEFFFEFFFEFF701C701C701C6C
S31500012AB0FEFFFEFFFEFF701C701C701C701C701C5C
S31500012AC0701C000000000000800380038003FE1FCD
S31500012AD0FE1FFE1F80E380E380E3F01FF01FF01F5F
S31500012AE08E038E038E03F0FFF0FFF0FF8003800359
S31500012AF0800300000000000000FC00FC00FC0EFC4E
S31500012B000EFC0EFC700070007000800380038003D1
S31500012B10001C001C001C7EE07EE07EE07E007E0044
S31500012B207E00000000000000801F801F801F70E0F3
S31500012B3070E070E080E380E380E3001C001C001C71
S31500012B408EE38EE38EE370E070E070E08E1F8E1FE1
S31500012B508E1F000000000000F003F003F003700078
S31500012B6070007000800380038003000000000000F5
S31500012B70000000000000000000000000000000004E
S31500012B80000000000000000070007000700080036B
S31500012B9080038003001C001C001C001C001C001C80
S31500012BA0001C001C001C8003800380037000700061
S31500012BB07000000000000000001C001C001C8003C7
S31500012BC08003800370007000700070007000700058
S31500012BD0700070007000800380038003001C001CDD
S31500012BE0001C00000000000000000000000080033F
S31500012BF0800380038EE38EE38EE3F01FF01FF01F48
S31500012C008EE38EE38EE380038003800300000000E1
S31500012C10000000000000000000000000000080032A
S31500012C2080038003800380038003FEFFFEFFFEFF17
S31500012C30800380038003800380038003000000007B
S31500012C40000000000000000000000000000000007D
S31500012C50000000000000000000000000000000006D
S31500012C60F003F003F003700070007000800380032E
S31500012C7080030000000000000000000000000000CA
S31500012C8000000000000000000000FEFFFEFFFEFF46
S31500012C90000000000000000000000000000000002D
S31500012CA0000000000000000000000000000000001D
S31500012CB0000000000000000000000000000000000D
S31500012CC0000000000000F003F003F003F003F0033E
S31500012CD0F0030000000000000000000000000E00EC
S31500012CE00E000E00700070007000800380038003E8
S31500012CF0001C001C001C00E000E000E000000000D9
S31500012D000000000000000000F01FF01FF01F0EE0A1
S31500012D100EE00EE07EE07EE07EE08EE38EE38EE363
S31500012D200EFC0EFC0EFC0EE00EE00EE0F01FF01F96
S31500012D30F01F000000000000800380038003801F55
S31500012D40801F801F8003800380038003800380032C
S31500012D50800380038003800380038003F01FF01F3C
S31500012D60F01F000000000000F01FF01FF01F0EE032
S31500012D700EE00EE00E000E000E00700070007000F6
S31500012D80800380038003001C001C001CFEFFFEFF65
S31500012D90FEFF000000000000FEFFFEFFFEFF7000C8
S31500012DA07000700080038003800370007000700063
S31500012DB00E000E000E000EE00EE00EE0F01FF01FFA
S31500012DC0F01F000000000000700070007000F003AA
S31500012DD0F003F003701C701C701C70E070E070E072
S31500012DE0FEFFFEFFFEFF70007000700070007000B5
S31500012DF07000000000000000FEFFFEFFFEFF00E085
S31500012E0000E000E0F0FFF0FFF0FF0E000E000E0004
S31500012E100E000E000E000EE00EE00EE0F01FF01F99
S31500012E20F01F000000000000F003F003F003001C97
S31500012E30001C001C00E000E000E0F0FFF0FFF0FFE6
S31500012E400EE00EE00EE00EE00EE00EE0F01FF01FC9
S31500012E50F01F000000000000FEFFFEFFFEFF0EE077
S31500012E600EE00EE00E000E000E0070007000700005
S31500012E708003800380038003800380038003800333
S31500012E808003000000000000F01FF01FF01F0EE09D
S31500012E900EE00EE00EE00EE00EE0F01FF01FF01F58
S31500012EA00EE00EE00EE00EE00EE00EE0F01FF01F69
S31500012EB0F01F000000000000F01FF01FF01F0EE0E1
S31500012EC00EE00EE00EE00EE00EE0FE1FFE1FFE1FFE
S31500012ED00E000E000E00700070007000801F801F33
S31500012EE0801F000000000000000000000000801F9D
S31500012EF0801F801F801F801F801F000000000000B0
S31500012F00801F801F801F801F801F801F0000000000
S31500012F100000000000000000000000000000801F0B
S31500012F20801F801F801F801F801F0000000000007F
S31500012F30801F801F801F800380038003001C001CEC
S31500012F40001C00000000000070007000700080038B
S31500012F5080038003001C001C001C00E000E000E070
S31500012F60001C001C001C800380038003700070009D
S31500012F7070000000000000000000000000000000DA
S31500012F8000000000FEFFFEFFFEFF00000000000043
S31500012F90FEFFFEFFFEFF0000000000000000000033
S31500012FA0000000000000000000E000E000E0001C5E
S31500012FB0001C001C800380038003700070007000F9
S31500012FC0800380038003001C001C001C00E000E05D
S31500012FD000E0000000000000F01FF01FF01F0EE0EF
S31500012FE00EE00EE00E000E000E0070007000700084
S31500012FF0800380038003000000000000800380033B
S315000130008003000000000000F01FF01FF01F0EE01B
S315000130100EE00EE00E000E000E008E1F8E1F8E1F9C
S315000130208EE38EE38EE38EE38EE38EE3F01FF01FD5
S31500013030F01F000000000000800380038003701C65
S31500013040701C701C0EE00EE00EE00EE00EE00EE0CD
S31500013050FEFFFEFFFEFF0EE00EE00EE00EE00EE0CC
S315000130600EE0000000000000F0FFF0FFF0FF0EE0B0
S315000130700EE00EE00EE00EE00EE0F0FFF0FFF0FFD6
S315000130800EE00EE00EE00EE00EE00EE0F0FFF0FFC7
S31500013090F0FF000000000000F01FF01FF01F0EE01F
S315000130A00EE00EE000E000E000E000E000E000E0FD
S315000130B000E000E000E00EE00EE00EE0F01FF01F81
S315000130C0F01F00000000000080FF80FF80FF70E01D
S315000130D070E070E00EE00EE00EE00EE00EE00EE0B5
S315000130E00EE00EE00EE070E070E070E080FF80FF21
S315000130F080FF000000000000FEFFFEFFFEFF00E073
S3150001310000E000E000E000E000E0F0FFF0FFF0FF8B
S3150001311000E000E000E000E000E000E0FEFFFEFF6E
S31500013120FEFF000000000000FEFFFEFFFEFF00E0C4
S3150001313000E000E000E000E000E0F0FFF0FFF0FF5B
S3150001314000E000E000E000E000E000E000E000E078
S3150001315000E0000000000000F01FF01FF01F0EE06D
S315000131600EE00EE000E000E000E0FEE3FEE3FEE339
S315000131700EE00EE00EE00EE00EE00EE0FE1FFE1F7A
S31500013180FE1F0000000000000EE00EE00EE00EE063
S315000131900EE00EE00EE00EE00EE0FEFFFEFFFEFF8B
S315000131A00EE00EE00EE00EE00EE00EE00EE00EE0A8
S315000131B00EE0000000000000F01FF01FF01F80036A
S315000131C080038003800380038003800380038003E0
S315000131D0800380038003800380038003F01FF01FB8
S315000131E0F01F000000000000FE03FE03FE03700056
S315000131F07000700070007000700070007000700048
S3150001320070007000700070E070E070E0801F801F39
S31500013210801F0000000000000EE00EE00EE070E0EE
S3150001322070E070E080E380E380E300FC00FC00FCDA
S3150001323080E380E380E370E070E070E00EE00EE092
S315000132400EE000000000000000E000E000E000E009
S3150001325000E000E000E000E000E000E000E000E067
S3150001326000E000E000E000E000E000E0FEFFFEFF1D
S31500013270FEFF0000000000000EE00EE00EE07EFC06
S315000132807EFC7EFC8EE38EE38EE38EE38EE38EE39D
S315000132900EE00EE00EE00EE00EE00EE00EE00EE0B7
S315000132A00EE00000000000000EE00EE00EE00EE071
S315000132B00EE00EE00EFC0EFC0EFC8EE38EE38EE3BA
S315000132C07EE07EE07EE00EE00EE00EE00EE00EE037
S315000132D00EE0000000000000F01FF01FF01F0EE0DE
S315000132E00EE00EE00EE00EE00EE00EE00EE00EE067
S315000132F00EE00EE00EE00EE00EE00EE0F01FF01F15
S31500013300F01F000000000000F0FFF0FFF0FF0EE0EC
S315000133100EE00EE00EE00EE00EE0F0FFF0FFF0FF33
S3150001332000E000E000E000E000E000E000E000E096
S3150001333000E0000000000000F01FF01FF01F0EE08B
S315000133400EE00EE00EE00EE00EE00EE00EE00EE006
S315000133508EE38EE38EE370E070E070E08E1F8E1FC9
S315000133608E1F000000000000F0FFF0FFF0FF0EE0EE
S315000133700EE00EE00EE00EE00EE0F0FFF0FFF0FFD3
S3150001338080E380E380E370E070E070E00EE00EE041
S315000133900EE0000000000000F01FF01FF01F0EE01D
S315000133A00EE00EE000E000E000E0F01FF01FF01F6D
S315000133B00E000E000E000EE00EE00EE0F01FF01FF4
S315000133C0F01F000000000000FEFFFEFFFEFF80036D
S315000133D080038003800380038003800380038003CE
S315000133E080038003800380038003800380038003BE
S315000133F080030000000000000EE00EE00EE00EE08B
S315000134000EE00EE00EE00EE00EE00EE00EE00EE045
S315000134100EE00EE00EE00EE00EE00EE0F01FF01FF3
S31500013420F01F0000000000000EE00EE00EE00EE0CE
S315000134300EE00EE00EE00EE00EE00EE00EE00EE015
S315000134400EE00EE00EE0701C701C701C8003800301
S3150001345080030000000000000EE00EE00EE00EE02A
S315000134600EE00EE00EE00EE00EE08EE38EE38EE35C
S315000134708EE38EE38EE38EE38EE38EE3701C701C87
S31500013480701C0000000000000EE00EE00EE00EE0F1
S315000134900EE00EE0701C701C701C8003800380031C
S315000134A0701C701C701C0EE00EE00EE00EE00EE0CB
S315000134B00EE00000000000000EE00EE00EE00EE05F
S315000134C00EE00EE00EE00EE00EE0701C701C701CAB
S315000134D080038003800380038003800380038003CD
S315000134E08003000000000000FEFFFEFFFEFF0E004D
S315000134F00E000E00700070007000800380038003D0
S31500013500001C001C001C00E000E000E0FEFFFEFFC6
S31500013510FEFF000000000000F01FF01FF01F001C5E
S31500013520001C001C001C001C001C001C001C001CB4
S31500013530001C001C001C001C001C001CF01FF01FBE
S31500013540F01F00000000000000000000000000E085
S3150001355000E000E0001C001C001C800380038003C7
S315000135607000700070000E000E000E0000000000DA
S315000135700000000000000000F01FF01FF01F7000A7
S3150001358070007000700070007000700070007000B4
S31500013590700070007000700070007000F01FF01F66
S315000135A0F01F000000000000800380038003701CF0
S315000135B0701C701C0EE00EE00EE000000000000022
S315000135C000000000000000000000000000000000F4
S315000135D000000000000000000000000000000000E4
S315000135E000000000000000000000000000000000D4
S315000135F0000000000000000000000000FEFFFEFFCA
S31500013600FEFF000000000000001C001C001C8003DF
S31500013610800380037000700070000000000000004D
S315000136200000000000000000000000000000000093
S315000136300000000000000000000000000000000083
S3150001364000000000F01FF01FF01F0E000E000E001C
S31500013650FE1FFE1FFE1F0EE00EE00EE0FE1FFE1F08
S31500013660FE1F00000000000000E000E000E000E0B6
S3150001367000E000E0F0E3F0E3F0E30EFC0EFC0EFCEC
S315000136800EE00EE00EE00EE00EE00EE0F0FFF0FFC1
S31500013690F0FF000000000000000000000000000034
S315000136A000000000F01FF01FF01F00E000E000E046
S315000136B000E000E000E00EE00EE00EE0F01FF01F7B
S315000136C0F01F0000000000000E000E000E000E00AC
S315000136D00E000E008E1F8E1F8E1F7EE07EE07EE0A6
S315000136E00EE00EE00EE00EE00EE00EE0FE1FFE1F05
S315000136F0FE1F0000000000000000000000000000A6
S3150001370000000000F01FF01FF01F0EE00EE00EE0BB
S31500013710FEFFFEFFFEFF00E000E000E0F01FF01FED
S31500013720F01F000000000000F003F003F0030E1C80
S315000137300E1C0E1C001C001C001C80FF80FF80FF5D
S31500013740001C001C001C001C001C001C001C001C92
S31500013750001C000000000000000000000000000046
S3150001376000000000FE1FFE1FFE1F0EE00EE00EE031
S31500013770FE1FFE1FFE1F0E000E000E00F01FF01FA3
S31500013780F01F00000000000000E000E000E000E0A3
S3150001379000E000E0F0E3F0E3F0E30EFC0EFC0EFCCB
S315000137A00EE00EE00EE00EE00EE00EE00EE00EE0A2
S315000137B00EE000000000000080038003800300008B
S315000137C000000000800380038003801F801F801F8C
S315000137D0800380038003800380038003F01FF01FB2
S315000137E0F01F0000000000000E000E000E00000099
S315000137F0000000007E007E007E000E000E000E001E
S315000138000E000E000E000E1C0E1C0E1CF003F00323
S31500013810F00300000000000000E000E000E000E02E
S3150001382000E000E070E070E070E080E380E380E3B8
S3150001383000FC00FC00FC80E380E380E370E070E0C4
S3150001384070E0000000000000F003F003F0037000D8
S3150001385070007000700070007000700070007000E1
S31500013860700070007000700070007000FE03FE03AF
S31500013870FE03000000000000000000000000000040
S315000138800000000070FC70FC70FC8EE38EE38EE39A
S315000138908EE38EE38EE38EE38EE38EE38EE38EE399
S315000138A08EE30000000000000000000000000000A0
S315000138B000000000F0E3F0E3F0E30EFC0EFC0EFC6A
S315000138C00EE00EE00EE00EE00EE00EE00EE00EE081
S315000138D00EE00000000000000000000000000000F3
S315000138E000000000F01FF01FF01F0EE00EE00EE0DA
S315000138F00EE00EE00EE00EE00EE00EE0F01FF01F0F
S31500013900F01F0000000000000000000000000000A1
S3150001391000000000F0FFF0FFF0FF0EE00EE00EE009
S31500013920F0FFF0FFF0FF00E000E000E000E000E063
S3150001393000E00000000000000000000000000000A0
S31500013940000000008E1F8E1F8E1F7EE07EE07EE04F
S31500013950FE1FFE1FFE1F0E000E000E000E000E00C3
S315000139600E00000000000000000000000000000042
S3150001397000000000F0E3F0E3F0E30EFC0EFC0EFCA9
S3150001398000E000E000E000E000E000E000E000E030
S3150001399000E0000000000000000000000000000040
S315000139A000000000F01FF01FF01F00E000E000E043
S315000139B0F01FF01FF01F0E000E000E00F0FFF0FFCB
S315000139C0F0FF000000000000001C001C001C001C91
S315000139D0001C001C80FF80FF80FF001C001C001CD7
S315000139E0001C001C001C0E1C0E1C0E1CF003F00318
S315000139F0F0030000000000000000000000000000CD
S31500013A00000000000EE00EE00EE00EE00EE00EE01B
S31500013A100EE00EE00EE07EE07EE07EE08E1F8E1F61
S31500013A208E1F0000000000000000000000000000E2
S31500013A30000000000EE00EE00EE00EE00EE00EE0EB
S31500013A400EE00EE00EE0701C701C701C80038003FB
S31500013A5080030000000000000000000000000000DC
S31500013A60000000000EE00EE00EE00EE00EE00EE0BB
S31500013A708EE38EE38EE38EE38EE38EE3701C701C81
S31500013A80701C0000000000000000000000000000A3
S31500013A90000000000EE00EE00EE0701C701C701CB1
S31500013AA0800380038003701C701C701C0EE00EE006
S31500013AB00EE0000000000000000000000000000011
S31500013AC0000000000EE00EE00EE00EE00EE00EE05B
S31500013AD0FE1FFE1FFE1F0E000E000E00F01FF01F40
S31500013AE0F01F0000000000000000000000000000C0
S31500013AF000000000FEFFFEFFFEFF70007000700078
S31500013B00800380038003001C001C001CFEFFFEFFD7
S31500013B10FEFF0000000000007000700070008003CE
S31500013B2080038003800380038003001C001C001CAB
S31500013B30800380038003800380038003700070008C
S31500013B4070000000000000008003800380038003F2
S31500013B508003800380038003800380038003800346
S31500013B608003800380038003800380038003800336
S31500013B708003000000000000001C001C001C8003E4
S31500013B80800380038003800380037000700070004F
S31500013B90800380038003800380038003001C001CD4
S31500013BA0001C0000000000000000000000000000F2
S31500013BB0000000008E1F8E1F8E1F70E070E070E007
S31500013BC000000000000000000000000000000000EE
S31500013BD000000000000000000000000000000000DE
S31500013BE000000000000000000000000000000000CE
S31500013BF000000000000000000000000000000000BE
S31500013C00000000000000000000000000E003E003E7
S31500013C10E003E003E003E003E003E003C003C003C5
S31500013C20C001C001C001C001C001000000000000C8
S31500013C30E003E003E00300000000000000000000D4
S31500013C403C1E3C1E3C1E3C1E3C1E3C1E3C1E0000F7
S31500013C50000000000000000000000000000000005D
S31500013C60000000000000000000000000000000004D
S31500013C7000000000CE01CE03DE039E039C039C07D9
S31500013C80FF3FFF7F3807380F780F780F780EFFFF59
S31500013C90FFFFF01EF01CE01CE03CE03DE0390000B7
S31500013CA00000000000000000FC03FE0FEE1FE01EF6
S31500013CB0E01EE01EE01EE01FE00FE007F003FC013E
S31500013CC0FE01FE01FE01FE01FE01FE01FE3DFC3F7D
S31500013CD0F00FE001E001000000000000033E07F7DD
S31500013CE08FE78EE79EE3BCE3B8E7F8E7F0F7E03F3E
S31500013CF0C001FF03FF07F307F30FF31EF33CF3388D
S31500013D00F3787FF03FE000000000000000000000B3
S31500013D10E007F80F780F781F781F781F780FF00FDC
S31500013D20E00F801FC37FC3FBE7F3F7F1F7F0FFF066
S31500013D307FF03EF87F7CFF3FEF1F00000000000090
S31500013D4000000000E003E003E003E003E003C0033A
S31500013D50C00100000000000000000000000000009B
S31500013D60000000000000000000000000000000004C
S31500013D7000000000000000003F007C00F001E001AF
S31500013D80C003C00780078007800F000F000F000FD8
S31500013D90000F000F000F800F80078007C007C003C8
S31500013DA0E001F0017C003F000F000000007E001FD3
S31500013DB0C007C003E001F001F000F000F800780050
S31500013DC078007800780078007800F800F000F000BC
S31500013DD0F001E001C003C007001F007E007800006B
S31500013DE0E003C003C001CE39FF3F7F3F20037003CC
S31500013DF0F807780F3C1F380600000000000000009D
S31500013E0000000000000000000000000000000000AB
S31500013E10000000000000000000000000000000009B
S31500013E20C001C001C001C001C001C001C001FFFF46
S31500013E30FFFFC001C001C001C001C001C0010000F7
S31500013E40000000000000000000000000000000006B
S31500013E50000000000000000000000000000000005B
S31500013E6000000000000000000000E003E003E003A2
S31500013E70E003E001E001E001C00180030000000071
S31500013E80000000000000000000000000000000002B
S31500013E900000FE3FFE3F00000000000000000000A1
S31500013EA0000000000000000000000000000000000B
S31500013EB000000000000000000000000000000000FB
S31500013EC000000000000000000000000000000000EB
S31500013ED00000E003E003E003E0030000000000004F
S31500013EE0000000000F000F001E001E003C003C00F9
S31500013EF078007800F000F000E001E001C003C003A3
S31500013F0080078007000F000F001E001E003C003CCA
S31500013F100078007800F00000F007F80F7C1F3E3EA5
S31500013F201E3C1F7C1F7C0F780F780F780F780F7857
S31500013F300F780F781F7C1F7C1E3C3E3E7C1FF80FBE
S31500013F40F00700000000000000000000F000F0078C
S31500013F50F03FF03FF001F001F001F001F001F00156
S31500013F60F001F001F001F001F001F001F001F001C2
S31500013F70F001FF3FFF3F00000000000000000000CD
S31500013F80E00FF83F7C3C3C003E003E003E003C001A
S31500013F903C007C00F800F001E003C0078007000F39
S31500013FA0001E003E003CFE3FFE3F000000000000F8
S31500013FB000000000F00FF81F7C1C3E003E003E0092
S31500013FC03C003C00F800F00FF80F7C003E001E009C
S31500013FD01E001E001E003E007C1CF81FE01F000094
S31500013FE000000000000000007800F800F800F80169
S31500013FF0F803F807F807780F781E781E783C78786A
S315000140007878FFFFFFFF7800780078007800780065
S31500014010780000000000000000000000FC1FFC1FEB
S31500014020FC1F001E001E001E001E001EE01FF81FC2
S31500014030FC007C003E003E001E003E003E003C00AF
S315000140407C1CF81FE01F00000000000000000000BB
S31500014050FC01FE078E0F001F001E003E003C003CC7
S31500014060F83DFC3F3E7F1F7E0F3C0F3C0F3C0F3C53
S315000140700F3E1F1E3E1FFC0FF00300000000000054
S3150001408000000000FF3FFF3FFF3F0F001E001E0024
S315000140903C0038007800F000F000E001E001C003C8
S315000140A0C0038007800F800F000F001F001F000054
S315000140B00000000000000000F807FC0F3E1F1E1E56
S315000140C01E3E1E3E1E1E3C1FF80FF007F80FFC1E7B
S315000140D03E3E1F3C1F7C0F7C0F7C1F3C3E3FFC1F5E
S315000140E0F00700000000000000000000F007F80FD4
S315000140F07C1E3E3C1E3C1F7C1F7C1F7C1F7C1F3C84
S315000141003F3EFF1FEF071F001E001E003E003C0042
S31500014110F838F03FE01F000000000000000000003A
S31500014120000000000000000000000000E003E003C2
S31500014130E003E003000000000000000000000000B2
S315000141400000E003E003E003E003000000000000DC
S315000141500000000000000000000000000000000058
S31500014160E003E003E003E0030000000000000000BC
S31500014170000000000000E003E003E003E003E001CB
S31500014180E001E001C0038003000000000000000020
S315000141900000000003000F003F00FC00F003C00F09
S315000141A0003F00FE003FC00FF003FC003F000F0080
S315000141B003000000000000000000000000000000F5
S315000141C000000000000000000000000000000000E8
S315000141D0FFFFFFFF000000000000FFFFFFFF0000E0
S315000141E000000000000000000000000000000000C8
S315000141F000000000000000000000000000E000F8E0
S31500014200007E801FE007F8017E001F007E00F80196
S31500014210E007801F007E00F800E0000000000000BB
S3150001422000000000F01FFC3F3E381F381F381E00FB
S315000142301E003C007800F000E001C003C003C00787
S31500014240C007000000000000C007C007C00700004B
S315000142500000000000000000F803FE0F1E1F0F3EC5
S315000142607F3CFF78EF79C773C7F38FF38FF38FF333
S315000142709FF39FF3FF73FF7BF779003C1C1FFC0F35
S31500014280F80300000000000000000000000000002C
S315000142900000E003E003F007F007F007780F780F5E
S315000142A07C0E3C1E3C1E3E3CFE3FFF3F1F780F78B6
S315000142B00FF007F007F0000000000000000000000A
S315000142C0000000000000F83FFC3F3E3C1E3C1E3C47
S315000142D01E3C3E3C7C3CF03FF83F7E3C1F3C1F3C75
S315000142E00F3C0F3C1F3CFE3FF83F00000000000062
S315000142F000000000000000000000FF01FF07871F0B
S31500014300003E003C007C0078007800780078007858
S31500014310007C007C003E003F831FFF07FF01000079
S315000143200000000000000000000000000000F07F17
S31500014330FC7F7E781F781F780F780F780F780F78BB
S315000143400F780F780F780F781F781E787E78F87FB0
S31500014350E07F0000000000000000000000000000F7
S315000143600000FF3FFF3F003E003E003E003E003E94
S31500014370003EFE3FFE3F003E003E003E003E003E48
S31500014380003EFF3FFF3F000000000000000000006C
S31500014390000000000000FF1FFF1F001E001E001E80
S315000143A0001E001E001EFF1FFF1F001E001E001E16
S315000143B0001E001E001E001E001E00000000000060
S315000143C000000000000000000000FE03FF0F871F31
S315000143D0003E007C007C007800F800F87FF87FF84A
S315000143E00F780F7C0F7C0F3E8F1FFF0FFE0300001F
S315000143F000000000000000000000000000001F7C1B
S315000144001F7C1F7C1F7C1F7C1F7C1F7C1F7CFF7FEA
S31500014410FF7F1F7C1F7C1F7C1F7C1F7C1F7C1F7CDA
S315000144201F7C0000000000000000000000000000EA
S315000144300000FC3FFC3FE003E003E003E003E00390
S31500014440E003E003E003E003E003E003E003E0034D
S31500014450E003FC3FFC3F00000000000000000000FC
S31500014460000000000000FC1FFC1F7C007C007C009B
S315000144707C007C007C007C007C007C007C007C0055
S3150001448078007800F838F03FC03F000000000000D7
S31500014490000000000000000000001F3C1E3C3C3CE8
S315000144A0783CF03CE03DE03FC03F803FC03FE03F0D
S315000144B0F03DF03C783C7C3C3E3C1F3C0F3C000010
S315000144C00000000000000000000000000000003EA7
S315000144D0003E003E003E003E003E003E003E003EE5
S315000144E0003E003E003E003E003E003E003EFC3FD8
S315000144F0FC3F00000000000000000000000000007A
S3150001450000001FF81FFC1FFC3FFE3FFE3FFE7FFF22
S3150001451077FF77FFF7F7E7F7E7F3E7F3C7F307F077
S3150001452007F007F007F0000000000000000000009F
S315000145300000000000000F7C0F7C0F7E0F7F0F7FB5
S315000145408F7F8F7FCF7FEF7BEF79FF79FF78FF78C2
S315000145507F783F783F781F781F78000000000000C1
S3150001456000000000000000000000F007FC1F3E3EB6
S315000145701F7C0F780F780FF80FF80FF80FF80FF868
S315000145800FF80F780F781F7C3E3EFC1FF0070000E6
S315000145900000000000000000000000000000FC3FD9
S315000145A0FF3F1F3E0F3E0F3E0F3E0F3E1F3E3F3E5B
S315000145B0FC3FF03F003E003E003E003E003E003E16
S315000145C0003E0000000000000000000000000000A6
S315000145D00000F007FC1F3E3E1F7C0F780F780FF896
S315000145E00FF80FF80FF80FF80FF80F780F781F7CF8
S315000145F03E3EFC1FF8077C003F000F000300000051
S31500014600000000000000F03FFC3F7E3C3E3C1E3CAB
S315000146101E3C3E3C3C3CFC3CF03FE03FF03DF83C60
S315000146207C3C3E3C1E3C1F3C0F3C00000000000051
S3150001463000000000000000000000FC07FE1F0E3E07
S31500014640003C003C003C003EC01FF80FFE037F000B
S315000146501F000F000F001F203E3CFC3FF01F000013
S315000146600000000000000000000000000000FFFF45
S31500014670FFFFE003E003E003E003E003E003E00300
S31500014680E003E003E003E003E003E003E003E0030B
S31500014690E003000000000000000000000000000030
S315000146A000000F7C0F7C0F7C0F7C0F7C0F7C0F7C36
S315000146B00F7C0F7C0F7C0F7C0F7C0F7C1E3C1E3CFD
S315000146C03E3EFC1FF0070000000000000000000055
S315000146D000000000000007F007F007F80F780F7CD4
S315000146E01E3C1E3C1E3E3C1E3C1F781F780FF80FD9
S315000146F0F007F007F007E003E00300000000000008
S315000147000000000000000000000003E003F003F0D9
S3150001471007F0E7F3E7F3E7F3E773F77BF77FFF7F4D
S315000147207F7F7F7F7E7F7E3F3E3E3E3E3E3E000058
S31500014730000000000000000000000000000007F873
S315000147400F7C1E3E3E3E3C1FF80FF007E007E003DC
S31500014750E003F007F80F7C0F7C1E3E3C1F780F78B4
S315000147600FF0000000000000000000000000000043
S31500014770000007F807780F7C1E3C1E3E3C1F780F91
S31500014780F80FF007E003E003E003E003E003E003D2
S31500014790E003E003E0030000000000000000000069
S315000147A0000000000000FF7FFF7F0F001F003E009A
S315000147B07C00F800F000E001E003C007800F000F65
S315000147C0001E003E007CFF7FFF7F0000000000000E
S315000147D000000000FF078007800780078007800729
S315000147E0800780078007800780078007800780078A
S315000147F0800780078007800780078007800780077A
S315000148008007FF07FF07000000780078003C003CA6
S31500014810001E001E000F000F80078007C003C003A3
S31500014820E001E001F000F000780078003C003C0077
S315000148301E001E000F000F0007000000F07FF000B1
S31500014840F000F000F000F000F000F000F000F000E1
S31500014850F000F000F000F000F000F000F000F000D1
S31500014860F000F000F000F000F000F07FF07F0000B3
S31500014870C000C001C001E003E003F007F0077807BC
S31500014880780F380F3C1E3C1E1E3C1E3C0F380F781D
S315000148900778000000000000000000000000000092
S315000148A00000000000000000000000000000000001
S315000148B000000000000000000000000000000000F1
S315000148C00000000000000000000000000000FFFFE3
S315000148D0FFFF000000000000F000000000000000E3
S315000148E000000000000000000000000000000000C1
S315000148F000000000000000000000000000000000B1
S3150001490000000000000000000000000000000000A0
S315000149100000000000000000F80FFC3F7C3C3E0058
S315000149203E003E00FE07FE1F3E3E3E7C3E783E7C3C
S315000149307E7CFF3FCF1F000000000000000000004A
S31500014940003C003C003C003C003C003CF83DFE3F86
S315000149503E3F1F3E0F3C0F3C0F3C0F3C0F3C0F3CB4
S315000149601F3C1E3C3E3FFC3FF03B000000000000A8
S315000149700000000000000000000000000000000030
S31500014980FE03FF0F871F003E003E003C007C007CBB
S31500014990007C003C003E003E871FFF0FFE03000027
S315000149A000000000000000001F001F001F001F0084
S315000149B01F001F00FF07FF1F3F3E1F3C1F7C1F7C80
S315000149C01F7C1F781F781F7C1F7C3F3C7F3EFF1F8B
S315000149D0DF0F0000000000000000000000000000E2
S315000149E00000000000000000F803FC0F3E1F1E3E01
S315000149F01F3C1F7CFF7FFF7F007C007C003C003E4C
S31500014A00071FFF0FFE03000000000000000000006A
S31500014A10FF01E103C003C007C007C007FF7FFF7F97
S31500014A20C007C007C007C007C007C007C007C00747
S31500014A30C007C007C007C007C0070000000000008C
S31500014A40000000000000000000000000000000005F
S31500014A50EF07FF1F7F3E1F3C1F7C1F7C1F781F78BF
S31500014A601F781F7C1F7C3F3C7F3EFF1FDF0F1E0010
S31500014A701E001E007C38F83F003C003C003C003C18
S31500014A80003C003CFC3DFE3F9E3F1F3F1F3E1F3C3E
S31500014A901F3C1F3C1F3C1F3C1F3C1F3C1F3C1F3C37
S31500014AA01F3C00000000000000000000F001F001C2
S31500014AB00000000000000000E07FE07FE001E0016F
S31500014AC0E001E001E001E001E001E001E001E001D7
S31500014AD0E001E001E001000000000000000000002C
S31500014AE0F800F8000000000000000000F83FF83F61
S31500014AF0F800F800F800F800F800F800F800F800EF
S31500014B00F800F800F800F800F800F800F800F000E6
S31500014B10F071E07F003C003C003C003C003C003C66
S31500014B201F3C3E3C7C3CF83CF03DE03DC03FC03F75
S31500014B30E03FF03DF83C7C3C3E3C1F3C1F3C000006
S31500014B400000000000000000F07FF001F001F0011C
S31500014B50F001F001F001F001F001F001F001F001C6
S31500014B60F001F001F001F001F001F001F001F001B6
S31500014B70F00100000000000000000000000000003D
S31500014B8000000000000000009EF7FFFFFFFFFFFF8F
S31500014B90E7FBE7F9C7F1C7F1C7F1C7F1C7F1C7F1FC
S31500014BA0C7F1C7F1C7F100000000000000000000D6
S31500014BB0000000000000000000000000FC3DFE3F78
S31500014BC09E3F1F3F1F3E1F3C1F3C1F3C1F3C1F3C7F
S31500014BD01F3C1F3C1F3C1F3C1F3C00000000000007
S31500014BE000000000000000000000000000000000BE
S31500014BF0F007FC1F3E3E1F3C1F7C0F780F780F7895
S31500014C000F780F781F7C1F3C3E3EFC1FF00700000B
S31500014C10000000000000000000000000000000008D
S31500014C2000000000F83DFE3F3E3F1F3E0F3C0F3C9B
S31500014C300F3C0F3C0F3C0F3C1F3C1E3E3E3FFC3FD2
S31500014C40F83F003C003C003C003C003C00000000FA
S31500014C500000000000000000EE07FE1F7E3E1E3C25
S31500014C601E7C1E781E781E781E781E781E7C3E7C61
S31500014C707E3EFE1FDE0F1E001E001E001E001E00D1
S31500014C800000000000000000000000007F1FFF1F61
S31500014C90E71FC71F871F001F001F001F001F001FE0
S31500014CA0001F001F001F001F001F00000000000062
S31500014CB000000000000000000000000000000000ED
S31500014CC0FC07FE1F0E1E003E003E003FE01FFC07D4
S31500014CD0FE003E001E001E003E3CFC3FF01F000091
S31500014CE00000000000000000000000000000800736
S31500014CF080078007FF7FFF7F800780078007800787
S31500014D00800780078007800780078007C007FF03A9
S31500014D10FF0100000000000000000000000000008C
S31500014D2000000000000000001E3C1E3C1E3C1E3C14
S31500014D301E3C1E3C1E3C1E3C1E3C1E3C3E3C7E3C1C
S31500014D40FE3EFE1FDE0F0000000000000000000016
S31500014D5000000000000000000000000007F00F78CE
S31500014D600F781E3C1E3C1E3E3C1E3C1E780F780FE3
S31500014D70F00FF007F007E003E00300000000000079
S31500014D80000000000000000000000000000000001C
S31500014D9003F0E3F1E3F3E7F3F7F3F7F3F77F777F55
S31500014DA07F7F7F7F7F7F3E3E3E3E3E3E3E3E000012
S31500014DB000000000000000000000000000000000EC
S31500014DC0000000000F7C1E3E3C3E3C1FF80FF00722
S31500014DD0F007E003F007F807F80F7C1E3E3E1F3C84
S31500014DE01F78000000000000000000000000000025
S31500014DF0000000000000000007F80F780F7C1E3C41
S31500014E001E3C3C1E3C1E3C1F780FF80FF007F007B6
S31500014E10E003E003C003C003C0038007800F007FE7
S31500014E20000000000000000000000000FF3FFF3FFF
S31500014E301F003E007C00F800F001E003C007800F70
S31500014E40001F001E003CFF7FFF7F000000000000E6
S31500014E5000000000FE01E003C003C003C003C0035D
S31500014E60E001E001E001C001C003803F803FC003D3
S31500014E70C001E001E001E001C003C003C003C003BB
S31500014E80E003FE017E000000C001C001C001C001B7
S31500014E90C001C001C001C001C001C001C001C00103
S31500014EA0C001C001C001C001C001C001C001C001F3
S31500014EB0C001C001C001C001C0010000C03FE00344
S31500014EC0E001E001E001E001C001C003C003C0014F
S31500014ED0E001FE00FE00E001C001C003C003C00105
S31500014EE0E001E001E001E001E003C03F003F000016
S31500014EF000000000000000000000000000000000AB
S31500014F00000000000000073FC77FE773FFF17EF056
S31500014F10000000000000000000000000000000008A
S31500014F20000000000000000000000000000000007A
S31500014F3000000000002000200020002000200000CA
S31500014F40002000000050005000500000000000004A
S31500014F50000000000050005000F8005000F800501A
S31500014F60005000000020007800A00070002800F02A
S31500014F700020000000C000C800100020004000987A
S31500014F8000180000004000A000A0004000A800900A
S31500014F9000680000003000300020004000000000E2
S31500014FA000000000001000200040004000400020EA
S31500014FB0001000000040002000100010001000202A
S31500014FC000400000002000A8007000F8007000A852
S31500014FD00020000000000020002000F80020002032
S31500014FE0000000000000000000000000003000305A
S31500014FF00020000000000000000000F80000000092
S315000150000000000000000000000000000000003069
S315000150100030000000000008001000200040008061
S315000150200000000000700088009800A800C80088F1
S3150001503000700000002000600020002000200020F9
S315000150400070000000700088000800700080008079
S3150001505000F8000000F80008001000300008008881
S3150001506000700000001000300050009000F80010A1
S315000150700010000000F8008000F000080008008819
S315000150800070000000380040008000F000880088B1
S315000150900070000000F80008000800100020004021
S315000150A00080000000700088008800700088008879
S315000150B00070000000700088008800780008001069
S315000150C000E00000000000000020000000200000B9
S315000150D00000000000000000002000000020002069
S315000150E000400000000800100020004000200010D1
S315000150F0000800000000000000F8000000F80000B1
S3150001510000000000004000200010000800100020F0
S3150001511000400000007000880008003000200000F8
S31500015120002000000070008800A800B800B00080D0
S3150001513000780000002000500088008800F80088F0
S315000151400088000000F00088008800F000880088D0
S3150001515000F0000000700088008000800080008858
S315000151600070000000F00088008800880088008830
S3150001517000F0000000F80080008000F00080008050
S3150001518000F8000000F80080008000F00080008038
S315000151900080000000780088008000800098008868
S315000151A00078000000880088008800F800880088E0
S315000151B00088000000700020002000200020002050
S315000151C00070000000380010001000100010009060
S315000151D0006000000088009000A000C000A00090C0
S315000151E00088000000800080008000800080008030
S315000151F000F80000008800D800A800A800A80088D0
S31500015200008800000088008800C800A8009800886F
S3150001521000880000007000880088008800880088E7
S315000152200070000000F00088008800F00080008017
S3150001523000800000007000880088008800A80090A7
S315000152400068000000F00088008800F000A00090CF
S315000152500088000000700088008000700008008847
S315000152600070000000F800A80020002000200020A7
S3150001527000200000008800880088008800880088D7
S3150001528000700000008800880088008800880050AF
S315000152900020000000880088008800A800A800A857
S315000152A0005000000088008800500020005000884F
S315000152B0008800000088008800500020002000209F
S315000152C00020000000F80008001000700040008077
S315000152D000F8000000780040004000400040004017
S315000152E00078000000000080004000200010000847
S315000152F00000000000780008000800080008000807
S315000153000078000000200050008800000000000026
S315000153100000000000000000000000000000000086
S3150001532000F800000060006000200010000000008E
S3150001533000000000000000000060001000700090F6
S31500015340007800000080008000B000C8008800C816
S3150001535000B0000000000000007000880080008896
S315000153600070000000080008006800980088009896
S3150001537000680000000000000070008800F800804E
S31500015380007000000010002800200070002000209E
S3150001539000200000000000000070009800980068DE
S315000153A0000800000080008000B000C80088008866
S315000153B0008800000020000000600020002000207E
S315000153C00070000000100000001000100010009096
S315000153D00060000000800080009000A000C000A0D6
S315000153E00090000000600020002000200020002026
S315000153F0007000000000000000D000A800A800A86E
S3150001540000A800000000000000B000C80088008865
S3150001541000880000000000000070008800880088F5
S31500015420007000000000000000B000C800C800B015
S3150001543000800000000000000068009800980068E5
S31500015440000800000000000000B000C800800080D5
S315000154500080000000000000007800800070000855
S3150001546000F000000020002000F8002000200028A5
S3150001547000100000000000000088008800880098E5
S3150001548000680000000000000088008800880050C5
S3150001549000200000000000000088008800A800A885
S315000154A0005000000000000000880050002000505D
S315000154B000880000000000000088008800780008CD
S315000154C0008800000000000000F8001000200040E5
S315000154D000F80000001000200020004000200020FD
S315000154E00010000000200020002000000020002005
S315000154F000200000004000200020001000200020B5
S3150001550000400000004000A800100000000000005C
S315000155100000000000000000000000000000000084
S315000155200000000000000000001000100010001034
S3150001553000100010000000100000000000280028E4
S31500015540002800000000000000000000000000002C
S3150001555000240024007C00240048007C0048004808
S3150001556000000000003800540050003800140054B8
S31500015570005400380010000000200054005800308C
S315000155800028005400140008000000000010002844
S3150001559000280010003400480048003400000000D4
S315000155A000100010001000000000000000000000C4
S315000155B0000000000008001000200020002000204C
S315000155C0002000200010000800200010000800083C
S315000155D0000800080008000800100020001000382C
S315000155E0001000280000000000000000000000007C
S315000155F00000000000100010007C001000100000E8
S315000156000000000000000000000000000000000093
S315000156100000001000100010000000000000000053
S31500015620000000380000000000000000000000003B
S315000156300000000000000000000000100000000053
S3150001564000080008001000100010001000200020C3
S3150001565000000000003800440044005400440044A7
S315000156600044003800000000001000300050001017
S315000156700010001000100010000000000038004467
S3150001568000440004000800100020007C0000000017
S3150001569000380044000400180004000400440038E7
S315000156A00000000000080018002800280048007CBF
S315000156B00008000800000000007C0040004000785F
S315000156C000040004004400380000000000380044D3
S315000156D00040007800440044004400380000000007
S315000156E0007C0004000800100010002000200020AB
S315000156F00000000000380044004400380044004423
S315000157000044003800000000003800440044004412
S31500015710003C0004004400380000000000000000C6
S315000157200010000000000000000000100000000052
S315000157300000000000000010000000000000001042
S315000157400010001000000000000C00300040003086
S31500015750000C000000000000000000000000007CBA
S315000157600000007C000000000000000000000000B6
S31500015770006000180004001800600000000000002E
S31500015780003800440004000800100010000000105A
S315000157900000000000380044004C0054005C00404A
S315000157A000400038000000000010002800280028F2
S315000157B00028007C004400440000000000780044FA
S315000157C000440078004400440044007800000000D2
S315000157D000380044004000400040004000440038CA
S315000157E000000000007000480044004400440044EA
S315000157F00048007000000000007C00400040007C72
S31500015800004000400040007C00000000007C004099
S3150001581000400078004000400040004000000000C9
S315000158200038004400400040005C00440044003859
S3150001583000000000004400440044007C0044004491
S315000158400044004400000000003800100010001061
S3150001585000100010001000380000000000040004D1
S3150001586000040004000400040044003800000000A5
S3150001587000440048005000600050004800480044C1
S315000158800000000000400040004000400040004091
S315000158900040007C000000000044006C006C0054D5
S315000158A00044004400440044000000000044006439
S315000158B0006400540054004C004C004400000000F9
S315000158C000380044004400440044004400440038C9
S315000158D000000000007800440044004400780040C5
S315000158E0004000400000000000380044004400442D
S315000158F000440044005400380004000000780044CD
S3150001590000440044007800480048004400000000BC
S31500015910003800440040003000080004004400380C
S3150001592000000000007C00100010001000100010A4
S315000159300010001000000000004400440044004430
S3150001594000440044004400380000000000440044C4
S315000159500044002800280028001000100000000064
S3150001596000440044005400540054006C00280028F0
S315000159700000000000440028002800100010002844
S3150001598000280044000000000044004400280028CC
S31500015990001000100010001000000000007C000440
S315000159A000080010001000200040007C00000000EC
S315000159B00018001000100010001000100010001058
S315000159C00010001800200020001000100010001028
S315000159D00008000800000000003000100010001050
S315000159E000100010001000100010003000100028F8
S315000159F00028004400000000000000000000000034
S31500015A00000000000000000000000000000000008F
S31500015A10000000FE00200010000000000000000051
S31500015A2000000000000000000000000000380044F3
S31500015A30003C0044004C00340000000000400040DF
S31500015A40005800640044004400640058000000004F
S31500015A5000000000003800440040004000440038C7
S31500015A6000000000000400040034004C004400441F
S31500015A70004C003400000000000000000038004423
S31500015A80007C00400044003800000000000C0010BB
S31500015A90007C001000100010001000100000000033
S31500015AA0000000000034004C00440044004C003467
S31500015AB0000400780040004000580064004400449F
S31500015AC000440044000000000010000000700010B7
S31500015AD0001000100010001000000000001000006F
S31500015AE0007000100010001000100010001000E0FF
S31500015AF0004000400048005000600050004800444B
S31500015B0000000000007000100010001000100010CE
S31500015B100010001000000000000000000078005492
S31500015B20005400540054005400000000000000001E
S31500015B300058006400440044004400440000000092
S31500015B4000000000003800440044004400440038CE
S31500015B5000000000000000000058006400440044FA
S31500015B600064005800400040000000000034004C72
S31500015B7000440044004C003400040004000000000E
S31500015B800058006400400040004000400000000052
S31500015B9000000000003800440030000800440038CE
S31500015BA000000000002000200078002000200020D6
S31500015BB0002000180000000000000000004400441E
S31500015BC000440044004C00340000000000000000C6
S31500015BD000440044002800280028001000000000AE
S31500015BE000000000005400540054006C00280028F6
S31500015BF00000000000000000004400280010001012
S31500015C000028004400000000000000000044004499
S31500015C10002800280010001000100060000000009D
S31500015C20007C0008001000200040007C00000000FD
S31500015C3000180010001000100020002000100010B5
S31500015C4000100018001000100010001000100010C5
S31500015C50001000100010001000300010001000109D
S31500015C6000080008001000100010003000000000BD
S31500015C7000000074004C000000000000000000005D
S31500015C800B1200008811010000000000100F000037
S31500015C90E41E0100C85C010010180000082A01007A
S31500015CA000000000101A0000D83B010000000000AF
S31500015CB006080000244F010000000000070A00004A
S31500015CC014550100000000000605060B0A0D0B0421
S31500015CD00707080A050605080A0A0A0A0A0A0A0A35
S31500015CE00A0A05050A0A0A09100B0B0C0C0B0B0C08
S31500015CF00D060A0C0A0F0D0C0B0C0C0B0B0C0B10E2
S31500015D000B0B0B0608050808060A0A0A0A0A080AFE
S31500015D100A050509050F0A0A0A0A0709070A090DEC
S31500015D200909090705070C00000100000000000031
S31500015D30E803000001000000746F757400000000A4
S31500015D4072745F0053696D756C6174696F6E20665C
S31500015D50696E697368656400556E6B6E6F776E2048
S31500015D6043414E2049440000444C43206D69736D04
S31500015D70617463680000000054696D696E6720767E
S31500015D80696F6C6174696F6E000000004E6F20765A
S31500015D90696F6C6174696F6E000000004D65737305
S31500015DA0616765206D697373696E670001020000A2
S31500015DB001020100000000003200000001040000A1
S31500015DC0E05D010002020000010401000000000084
S31500015DD03200000001030000405E010000000000E7
S31500015DE0B45E010000000000000000000000000099
S31500015DF00000000000000840C05E01000000000035
S31500015E000000000000000000000000000000084043
S31500015E10CC5E010000000000000000000000000050
S31500015E200000000000005940D85E0100000000009B
S31500015E300000000000000000000000000000084013
S31500015E40885E010000000000000000000000000064
S31500015E5000000000E0FFEF409C5E01000000000032
S31500015E6000000000000000000000000000E06F409C
S31500015E70A85E010000000000000000000000000014
S31500015E8000000000000059406163635F7669727427
S31500015E905F6F626A5F646973740000006163635FC8
S31500015EA0645F6D696E0000006163635F765F7365B1
S31500015EB074000000766163635F656E61626C650004
S31500015EC06163635F656E61626C6500007370656531
S31500015ED0645F636D64000000646972656374696F71
S31500015EE06E5F636D6400000025336400446973745A
S31500015EF0616E6365000000003A000000565F73653D
S31500015F0074000000445F6D696E00000050574D003B
S31500015F102A2A2A204572726F72206372656174693A
S31500015F206E67207369676E616C7320737472756333
S31500015F307475726520696E20746865207374727554
S31500015F406374206C6F67207661726961626C65208B
S31500015F5025730A002A2A2A204572726F72206372FB
S31500015F60656174696E67206C6F672076617269611D
S31500015F70626C652025730A0076616C756573000095
S31500015F80000000000000000000000000000000000A
S31500015F9000000000000000000000000000000000FA
S31500015FA000000000000000000000000000000000EA
S31500015FB0000000000000000076616C756544696DA3
S31500015FC0656E73696F6E73000000000000000000CB
S31500015FD000000000000000000000000000000000BA
S31500015FE000000000000000000000000000000000AA
S31500015FF0000000000000000064696D656E73696F42
S315000160006E730000000000000000000000000000A8
S315000160100000000000000000000000000000000079
S315000160200000000000000000000000000000000069
S3150001603000000000000000006C6162656C00000059
S315000160400000000000000000000000000000000049
S315000160500000000000000000000000000000000039
S315000160600000000000000000000000000000000029
S315000160700000000000000000626C6F636B4E616DF2
S3150001608065000000000000000000000000000000A4
S3150001609000000000000000000000000000000000F9
S315000160A000000000000000000000000000000000E9
S315000160B0000000000000000073746174654E616D9C
S315000160C06500000000000000000000000000000064
S315000160D000000000000000000000000000000000B9
S315000160E000000000000000000000000000000000A9
S315000160F00000000000000000696E52656665726569
S315000161006E6365644D6F64656C00000000000000FD
S315000161100000000000000000000000000000000078
S315000161200000000000000000000000000000000068
S3150001613000000000000000000000000076616C75A0
S315000161406573000000000000000000000000000070
S315000161500000000000000000000000000000000038
S315000161600000000000000000000000000000000028
S3150001617000000000000000000000000064696D6579
S315000161806E73696F6E73000000000000000000006E
S3150001619000000000000000000000000000000000F8
S315000161A000000000000000000000000000000000E8
S315000161B00000000000000000000000006C61626544
S315000161C06C0000000000000000000000000000005C
S315000161D000000000000000000000000000000000B8
S315000161E000000000000000000000000000000000A8
S315000161F0000000000000000000000000626C6F63F8
S315000162006B4E616D6500000000000000000000009B
S315000162100000000000000000000000000000000077
S315000162200000000000000000000000000000000067
S31500016230000000000000000000000000737461749B
S31500016240654E616D65000000000000000000000061
S315000162500000000000000000000000000000000037
S315000162600000000000000000000000000000000027
S31500016270000000000000000000000000696E526589
S31500016280666572656E6365644D6F64656C000000DA
S3150001629000000000000000000000000000000000F7
S315000162A000000000000000000000000000000000E7
S315000162B000000000000000000000000000000000D7
S315000162C076616C7565730000000000000000000037
S315000162D000000000000000000000000000000000B7
S315000162E000000000000000000000000000000000A7
S315000162F00000000000000000000000000000000097
S3150001630076616C756544696D656E73696F6E730050
S315000163100000000000000000000000000000000076
S315000163200000000000000000000000000000000066
S315000163300000000000000000000000000000000056
S3150001634064696D656E73696F6E730000000000000D
S315000163500000000000000000000000000000000036
S315000163600000000000000000000000000000000026
S315000163700000000000000000000000000000000016
S315000163806C6162656C000000000000000000000006
S3150001639000000000000000000000000000000000F6
S315000163A000000000000000000000000000000000E6
S315000163B000000000000000000000000000000000D6
S315000163C07469746C650000000000000000000000A4
S315000163D000000000000000000000000000000000B6
S315000163E000000000000000000000000000000000A6
S315000163F00000000000000000000000000000000096
S31500016400706C6F745374796C6500000000000000B5
S315000164100000000000000000000000000000000075
S315000164200000000000000000000000000000000065
S315000164300000000000000000000000000000000055
S315000164400000000076616C756573000000000000B5
S315000164500000000000000000000000000000000035
S315000164600000000000000000000000000000000025
S315000164700000000000000000000000000000000015
S315000164800000000064696D656E73696F6E730000CC
S3150001649000000000000000000000000000000000F5
S315000164A000000000000000000000000000000000E5
S315000164B000000000000000000000000000000000D5
S315000164C0000000006C6162656C00000000000000C5
S315000164D000000000000000000000000000000000B5
S315000164E000000000000000000000000000000000A5
S315000164F00000000000000000000000000000000095
S31500016500000000007469746C650000000000000062
S315000165100000000000000000000000000000000074
S315000165200000000000000000000000000000000064
S315000165300000000000000000000000000000000054
S3150001654000000000706C6F745374796C6500000074
S315000165500000000000000000000000000000000034
S315000165600000000000000000000000000000000024
S315000165700000000000000000000000000000000014
S3150001658000000000000000004D656D6F727920610A
S315000165906C6C6F636174696F6E206572726F7200E5
S315000165A074696D6500000000000000000000000035
S315000165B000000000000000000000000000000000D4
S315000165C000000000000000000000000000000000C4
S315000165D000000000000000000000000000000000B4
S315000165E07369676E616C73000000000000000000B3
S315000165F00000000000000000000000000000000094
S315000166000000000000000000000000000000000083
S315000166100000000000000000000000000000000073
S31500016620626C6F636B4E616D6500000000000000D7
S315000166300000000000000000000000000000000053
S315000166400000000000000000000000000000000043
S315000166500000000000000000000000000000000033
S31500016660000000002A2A2A205573696E67206120DE
S3150001667064656661756C7420627566666572206F05
S31500016680662073697A6520256420666F72206C6FB7
S315000166906767696E67207661726961626C6520253C
S315000166A0730A00000A2A2A2A204D656D6F72792025
S315000166B0726571756972656420746F206C6F6720ED
S315000166C07661726961626C6520272573272069737B
S315000166D020746F6F0A202020206269672E2055736F
S315000166E0652074686520274C696D697420726F771F
S315000166F07320746F206C6173743A2720616E642075
S31500016700286F72290A2020202027446563696D615C
S3150001671074696F6E3A27206F7074696F6E73207497
S315000167206F20726564756365207468652072657192
S3150001673075697265640A202020206D656D6F727916
S315000167402073697A652E0A002A2A2A204465746113
S31500016750696C733A0A202020202020207661724E2F
S31500016760616D652020202020202020203D202573DA
S315000167700A202020202020206E526F7773202020AF
S3150001678020202020202020203D2025640A202020B2
S31500016790202020206E436F6C732020202020202093
S315000167A0202020203D2025640A2020202020202092
S315000167B0656C656D656E7453697A652020202020AD
S315000167C03D20256C750A2020202020202042797446
S315000167D0657320526571756972656420203D2025B7
S315000167E02E3136670A0A00002A2A2A204572726F5C
S315000167F07220616C6C6F636174696E67206D656D83
S315000168006F727920666F72206C6F6767696E672099
S3150001681025730A002A2A2A204572726F7220616C3A
S315000168206C6F636174696E67206D656D6F72792037
S31500016830666F72207468652063697263756C617234
S31500016840206275666665720A000000002A2A2A20FF
S3150001685044657461696C733A0A2020202020202047
S315000168607661724E616D6520202020202020202037
S315000168703D2025730A202020202020206E526F778C
S315000168807320202020202020202020203D20256448
S315000168900A202020202020206E436F6C73202020A8
S315000168A020202020202020203D2025640A20202091
S315000168B020202020656C656D656E7453697A6520AC
S315000168C0202020203D20256C750A20202020202014
S315000168D020427974657320526571756573746564B8
S315000168E0203D20252E3136670A0A00002A2A2A2051
S315000168F04572726F7220616C6C6F636174696E6749
S31500016900206D656D6F727920666F722074686520DF
S3150001691063697263756C6172206275666665722061
S31500016920666F72206C6F6767696E67207468652091
S31500016930696D6167696E6172792070617274206F29
S31500016940662025730A0000006E6F6E650000000068
S3150001695020287265616C2070617274290000000044
S315000169602A2A2A204D656D6F727920616C6C6F63DE
S315000169706174696F6E206572726F722E0A00000073
S31500016980202020207661724E616D65202020202016
S3150001699020202020203D20257325730A2020202039
S315000169A06E526F7773202020202020202020202067
S315000169B0203D2025640A202020206E436F6C732021
S315000169C020202020202020202020203D2025640A70
S315000169D020202020656C656D656E7453697A65208B
S315000169E020202020203D20256C750A2020202043D0
S315000169F0757272656E742053697A65202020202095
S31500016A003D20252E3136670A202020204661696CFB
S31500016A10656420726573697A65202020203D2025F2
S31500016A202E3136670A0A0000202020207661724E38
S31500016A30616D65202020202020202020203D20255A
S31500016A40732028636F6D706C65782070617274298C
S31500016A500A202020206E526F7773202020202020CC
S31500016A602020202020203D2025640A202020206E81
S31500016A70436F6C73202020202020202020202020FE
S31500016A803D2025640A20202020656C656D656E74A5
S31500016A9053697A652020202020203D20256C750A27
S31500016AA02020202043757272656E742053697A65C1
S31500016AB020202020203D20252E3136670A20202047
S31500016AC0204661696C656420726573697A65202068
S31500016AD020203D20252E3136670A0A00202020205D
S31500016AE07661724E616D65202020202020202020B5
S31500016AF0203D2025730A202020206E526F777320B7
S31500016B0020202020202020202020203D2025640A2E
S31500016B10202020206E436F6C73202020202020200F
S31500016B2020202020203D2025640A20202020656C7D
S31500016B30656D656E7453697A652020202020203D9D
S31500016B4020256C750A2020202043757272656E74AB
S31500016B502053697A6520202020203D20252E3136BC
S31500016B60670A202020204661696C6564207265737E
S31500016B70697A65202020203D20252E3136670A0AB4
S31500016B80000000002A2A2A204572726F7273206F54
S31500016B9063637572726564207768656E20737461CC
S31500016BA07274696E672064617461206C6F676769CE
S31500016BB06E672E0A00000000436F756C64206E6FCD
S31500016BC07420616C6C6F63617465206D656D6F72A5
S31500016BD07920666F72206C6F6767696E672E000099
S31500016BE025732E0A00000000288BFF1F494E460020
S31500016BF0696E66004E414E006E616E003031323371
S31500016C00343536373839414243444546003031320E
S31500016C10333435363738396162636465660030006E
S31500016C20202020202020202020202020202020205D
S31500016C30303030303030303030303030303030304D
S31500016C40202020202020202020202020202020203D
S31500016C50303030303030303030303030303030302D
S31500016C60496E66696E697479004E614E0043005043
S31500016C704F534958002E00000080E03779C3414345
S31500016C80176E05B5B5B89346F5F93FE9034F384D8B
S31500016C90321D30F94877825A3CBF737FDD4F157537
S31500016CA0000000000000F03F00000000000024404A
S31500016CB000000000000059400000000000408F4025
S31500016CC0000000000088C34000000000006AF84090
S31500016CD00000000080842E4100000000D0126341B4
S31500016CE00000000084D797410000000065CDCD412A
S31500016CF0000000205FA00242000000E8764837420B
S31500016D00000000A2941A6D42000040E59C30A242A8
S31500016D100000901EC4BCD64200003426F56B0C431D
S31500016D200080E03779C3414300A0D88557347643C4
S31500016D3000C84E676DC1AB43003D9160E458E14325
S31500016D40408CB5781DAF154450EFE2D6E41A4B449A
S31500016D5092D54D06CFF08044F64AE1C7022DB544DF
S31500016D60B49DD9794378EA44050000001900000072
S31500016D707D0000000020202020202020202028281F
S31500016D8028282820202020202020202020202020E4
S31500016D902020202020881010101010101010101024
S31500016DA01010101010040404040404040404041054
S31500016DB010101010101041414141414101010101E2
S31500016DC001010101010101010101010101010101AC
S31500016DD010101010101042424242424202020202B8
S31500016DE0020202020202020202020202020202027C
S31500016DF0101010102000000000000000000000002C
S31500016E00000000000000000000000000000000007B
S31500016E10000000000000000000000000000000006B
S31500016E20000000000000000000000000000000005B
S31500016E30000000000000000000000000000000004B
S31500016E40000000000000000000000000000000003B
S31500016E50000000000000000000000000000000002B
S31500016E60000000000000000000000000000000001B
S30D00016E70000000000000000013
S30D00016E781CA0FE7F01000000D1
S31500016E804101020000420102000029010000002A1E
S31500016E90010000002B010000002C0100000034015C
S31500016EA00000003501000000360100000043010228
S31500016EB000003A010000003C010200003D01020011
S31500016EC0003E010200003F010200004401020000F1
S31500016ED04501020000460102000047010200004888
S31500016EE00102000049010200004A010200004B01B3
S31500016EF00200004C010200003701000000380100C9
S31500016F0000002D010000002E010000002F010000ED
S31500016F1000300100000031010000003201000000D4
S31500016F200100000000000000000000000000000059
S31500016F300000B041000000006400000001010101F1
S31500016F4001010000010100000100010000127A00A8
S31500016F5000010003010100000001000000000C0017
S31500016F600203000001000000000000000000000014
S31500016F7003010100000303000102030100060001F1
S31500016F8001010000010100010100000000000000F4
S31500016F9000000000000000000000000000000000EA
S31500016FA000000000000000000000000001010101D6
S31500016FB00101010100000000200000004885FF1FBB
S31500016FC001010000BC84FF1F4101020000420102D1
S31500016FD000004601020000470102000048010200CC
S31500016FE0004A010200004B010200004C01020000B0
S31500016FF04401020000450102000049010200003C73
S31500017000010200003D010200003E010200003F01B5
S31500017010020000430102000029010000002A0100CC
S3150001702000002B010000002C010000003A010000C5
S3150001703000370100000038010000003201000000A5
S315000170403401000000350100000036010000002D6A
S31500017050010000002E010000002F01000000300198
S3150001706000000031010000000100000000000000E6
S3150001707000000001010303030100000002010103F6
S315000170800000000100000000397500000100FFFF4B
S31500017090FC85FF1F01000000000001010101010143
S315000170A003050303000000000000030001000000C7
S315000170B0E80300000000000000000000BC070020FB
S315000170C010000000000000000000000007000000A2
S315000170D004000000010000000000000001000000A3
S315000170E00000000000000000000000000000000099
S315000170F0000000000000000050000001801A060098
S3150001710001000000717A00000000000000900440B8
S3150001711000000000000000010000000000F00F4028
S31500017120010000000090044002000000000000037E
S315000171300000000000000000000000000090044074
S315000171400300000000000003000000000000000032
S315000171500000000000A004400A0000000000000139
S315000171600000000040F00F400100000000A00440B4
S3150001717008000000000000020000000000000000FE
S315000171800000000000A00440090000000000000209
S3150001719000000000000000000000000000B00440F4
S315000171A00C000000000000010000000080F00F400C
S315000171B00000000000B004400D00000000000001C6
S315000171C00000000080F00F400000000000B0044005
S315000171D00E0000000000000000000000000000009A
S315000171E00000000000B0044002000000000000049E
S315000171F000000000000000000000000000B0044094
S315000172000300000000000004000000000000000070
S315000172100000000000B0044006000000000000026B
S3150001722000000000000000000000000000B0044063
S31500017230070000000000000200000000000000003E
S315000172400000000000C00440000000000000000132
S3150001725000000000C0F00F400101000000C0044022
S315000172600B0000000000000100000000C0F00F400C
S315000172700100000000C004400C00000000000002F4
S3150001728000000000000000000000000000C00440F3
S315000172900F0000000000000100000000C0F00F40D8
S315000172A00101000000C004401000000000000001C0
S315000172B000000000C0F00F400101000000C00440C2
S315000172C002000000000000020000000000000000B3
S315000172D00000000000C0044003000000000000029E
S315000172E000000000000000000000000000D0044083
S315000172F00F00000000000004000000000000000074
S315000173000000000000D00440100000000000000151
S315000173100000000000F10F400100000000D0044011
S31500017320040000000000000500000000000000004D
S315000173300000000000D00440050000000000000528
S315000173400000000000000000000000000000000036
S31500017350F168E388B5F8D43E00000000000059400A
S31500017360FCA9F1D24D62403F7B14AE47E17A843FDE
S31500017370000000000000F03F0000000000000000D7
S31500017380666666666666E63F333333333333D33F29
S315000173900000000000000000000000000000F03FB7
S315000173A000000000000049409A9999999999C93FAE
S315000173B000000000000059C00000000000000000AD
S315000173C0000000000000F03F000000000000000087
S315000173D0000000000000594000000000010200000A
S315000173E0398700000100000002020000BD8700008D
S315000173F00100000001030000000104000A00000072
S31500017400E988000000000000FF07000000010100FC
S315000174100000000059880000C0F00F400F00000175
S3150001742000000000C0F00F40100000010000000045
S31500017430C0F00F400000000100000000000A0A0031
S31500017440EC5E0100000000000000000000390A00A7
S31500017450F85E0100000000000000000001410A0082
S3150001746000000000558E000010000000000A140004
S31500017470FC5E01000000000000000000003914005D
S31500017480F85E010000000000000000000141140048
S31500017490000000006D8E000010000000000A1E00B2
S315000174A0045F0100000000000000000000391E001A
S315000174B0F85E0100000000000000000001411E000E
S315000174C000000000858E000010000000000A280060
S315000174D00C5F0100000000000000000000392800D8
S315000174E0F85E0100000000000000000001412800D4
S315000174F0000000009D8E0000100000000304E80358
S315000175000000000000010001000001000000000170
S315000175100001000004000000000100010000050058
S315000175200000000100010000000000000000000052
S315000175300000000000000000000000000000000044
S315000175400000000000000000000000000000000034
S315000175501486FF1F2886FF1F440B00206F8F000033
S31500017560000000000000000000010000778F00000D
S315000175700100000000000000000100006D8F000006
S315000175800A000000000000000001000000000000E9
S31500017590000000000000F07F000000000000F8FF7E
S315000175A00000C0FF288BFF1F00000000148EFF1F84
S315000175B0788EFF1FDC8EFF1F000000000000000018
S315000175C000000000000000000000000000000000B4
S315000175D000000000000000000000000000000000A4
S315000175E00000000000000000000000000000000094
S315000175F00000000000000000000000000000000084
S315000176000000000000000000000000000000000073
S315000176100000000000000000000000000000000063
S315000176200000000000000000000000000000000053
S315000176300000000000000000000000000000000043
S315000176400000000000000000000000000000000033
S3150001765001000000000000000E33CDAB34126DE6D0
S31500017660ECDE05000B000000000000000000000039
S315000176700000000000000000000000000000000003
S3150001768000000000000000000000000000000000F3
S3150001769000000000000000000000000000000000E3
S315000176A000000000000000000000000000000000D3
S315000176B000000000000000000000000000000000C3
S315000176C000000000000000000000000000000000B3
S315000176D000000000000000000000000000000000A3
S315000176E00000000000000000000000000000000093
S315000176F00000000000000000000000000000000083
S315000177000000000000000000000000000000000072
S315000177100000000000000000000000000000000062
S315000177200000000000000000000000000000000052
S315000177300000000000000000000000000000000042
S315000177400000000000000000000000000000000032
S315000177500000000000000000000000000000000022
S315000177600000000000000000000000000000000012
S315000177700000000000000000000000000000000002
S3150001778000000000000000000000000000000000F2
S3150001779000000000000000000000000000000000E2
S315000177A000000000000000000000000000000000D2
S315000177B000000000000000000000000000000000C2
S315000177C000000000000000000000000000000000B2
S315000177D000000000000000000000000000000000A2
S315000177E00000000000000000000000000000000092
S315000177F00000000000000000000000000000000082
S315000178000000000000000000000000000000000071
S315000178100000000000000000000000000000000061
S315000178200000000000000000000000000000000051
S315000178300000000000000000000000000000000041
S315000178400000000000000000000000000000000031
S315000178500000000000000000000000000000000021
S315000178600000000000000000000000000000000011
S315000178700000000000000000000000000000000001
S3150001788000000000000000000000000000000000F1
S3150001789000000000000000000000000000000000E1
S315000178A000000000000000000000000000000000D1
S315000178B000000000000000000000000000000000C1
S315000178C000000000000000000000000000000000B1
S315000178D000000000000000000000000000000000A1
S315000178E00000000000000000000000000000000091
S315000178F00000000000000000000000000000000081
S315000179000000000000000000000000000000000070
S315000179100000000000000000000000000000000060
S315000179200000000000000000000000000000000050
S315000179300000000000000000000000000000000040
S315000179400000000000000000000000000000000030
S315000179500000000000000000000000000000000020
S315000179600000000000000000000000000000000010
S315000179700000000000000000000000000000000000
S3150001798000000000000000000000000000000000F0
S3150001799000000000000000000000000000000000E0
S315000179A000000000000000000000000000000000D0
S315000179B000000000000000000000000000000000C0
S315000179C00000000000000000408FFF1F408FFF1FD6
S315000179D0488FFF1F488FFF1F508FFF1F508FFF1FBC
S315000179E0588FFF1F588FFF1F608FFF1F608FFF1F6C
S315000179F0688FFF1F688FFF1F708FFF1F708FFF1F1C
S31500017A00788FFF1F788FFF1F808FFF1F808FFF1FCB
S31500017A10888FFF1F888FFF1F908FFF1F908FFF1F7B
S31500017A20988FFF1F988FFF1FA08FFF1FA08FFF1F2B
S31500017A30A88FFF1FA88FFF1FB08FFF1FB08FFF1FDB
S31500017A40B88FFF1FB88FFF1FC08FFF1FC08FFF1F8B
S31500017A50C88FFF1FC88FFF1FD08FFF1FD08FFF1F3B
S31500017A60D88FFF1FD88FFF1FE08FFF1FE08FFF1FEB
S31500017A70E88FFF1FE88FFF1FF08FFF1FF08FFF1F9B
S31500017A80F88FFF1FF88FFF1F0090FF1F0090FF1F49
S31500017A900890FF1F0890FF1F1090FF1F1090FF1FF7
S31500017AA01890FF1F1890FF1F2090FF1F2090FF1FA7
S31500017AB02890FF1F2890FF1F3090FF1F3090FF1F57
S31500017AC03890FF1F3890FF1F4090FF1F4090FF1F07
S31500017AD04890FF1F4890FF1F5090FF1F5090FF1FB7
S31500017AE05890FF1F5890FF1F6090FF1F6090FF1F67
S31500017AF06890FF1F6890FF1F7090FF1F7090FF1F17
S31500017B007890FF1F7890FF1F8090FF1F8090FF1FC6
S31500017B108890FF1F8890FF1F9090FF1F9090FF1F76
S31500017B209890FF1F9890FF1FA090FF1FA090FF1F26
S31500017B30A890FF1FA890FF1FB090FF1FB090FF1FD6
S31500017B40B890FF1FB890FF1FC090FF1FC090FF1F86
S31500017B50C890FF1FC890FF1FD090FF1FD090FF1F36
S31500017B60D890FF1FD890FF1FE090FF1FE090FF1FE6
S31500017B70E890FF1FE890FF1FF090FF1FF090FF1F96
S31500017B80F890FF1FF890FF1F0091FF1F0091FF1F44
S31500017B900891FF1F0891FF1F1091FF1F1091FF1FF2
S31500017BA01891FF1F1891FF1F2091FF1F2091FF1FA2
S31500017BB02891FF1F2891FF1F3091FF1F3091FF1F52
S31500017BC03891FF1F3891FF1F4091FF1F4091FF1F02
S31500017BD04891FF1F4891FF1F5091FF1F5091FF1FB2
S31500017BE05891FF1F5891FF1F6091FF1F6091FF1F62
S31500017BF06891FF1F6891FF1F7091FF1F7091FF1F12
S31500017C007891FF1F7891FF1F8091FF1F8091FF1FC1
S31500017C108891FF1F8891FF1F9091FF1F9091FF1F71
S31500017C209891FF1F9891FF1FA091FF1FA091FF1F21
S31500017C30A891FF1FA891FF1FB091FF1FB091FF1FD1
S31500017C40B891FF1FB891FF1FC091FF1FC091FF1F81
S31500017C50C891FF1FC891FF1FD091FF1FD091FF1F31
S31500017C60D891FF1FD891FF1FE091FF1FE091FF1FE1
S31500017C70E891FF1FE891FF1FF091FF1FF091FF1F91
S31500017C80F891FF1FF891FF1F0092FF1F0092FF1F3F
S31500017C900892FF1F0892FF1F1092FF1F1092FF1FED
S31500017CA01892FF1F1892FF1F2092FF1F2092FF1F9D
S31500017CB02892FF1F2892FF1F3092FF1F3092FF1F4D
S31500017CC03892FF1F3892FF1F4092FF1F4092FF1FFD
S31500017CD04892FF1F4892FF1F5092FF1F5092FF1FAD
S31500017CE05892FF1F5892FF1F6092FF1F6092FF1F5D
S31500017CF06892FF1F6892FF1F7092FF1F7092FF1F0D
S31500017D007892FF1F7892FF1F8092FF1F8092FF1FBC
S31500017D108892FF1F8892FF1F9092FF1F9092FF1F6C
S31500017D209892FF1F9892FF1FA092FF1FA092FF1F1C
S31500017D30A892FF1FA892FF1FB092FF1FB092FF1FCC
S31500017D40B892FF1FB892FF1FC092FF1FC092FF1F7C
S31500017D50C892FF1FC892FF1FD092FF1FD092FF1F2C
S31500017D60D892FF1FD892FF1FE092FF1FE092FF1FDC
S31500017D70E892FF1FE892FF1FF092FF1FF092FF1F8C
S31500017D80F892FF1FF892FF1F0093FF1F0093FF1F3A
S31500017D900893FF1F0893FF1F1093FF1F1093FF1FE8
S31500017DA01893FF1F1893FF1F2093FF1F2093FF1F98
S31500017DB02893FF1F2893FF1F3093FF1F3093FF1F48
S31500017DC03893FF1F3893FF1FFFFFFFFF00000200DC
S31500017DD04300000000000000000000000000000059
S31500017DE0000000000000000000000000000000008C
S31500017DF04300000000000000000000000000000039
S31500017E00000000000000000000000000000000006B
S31500017E104300000000000000000000000000000018
S31500017E20000000000000000000000000000000004B
S31500017E3043000000000000000000000000000000F8
S31500017E40000000000000000000000000000000002B
S31500017E5043000000000000000000000000000000D8
S31500017E60000000000000000000000000000000000B
S31500017E7043000000000000000000000000000000B8
S31500017E8000000000000000000000000000000000EB
S31500017E904300000000000000000000000000000098
S31500017EA000000000000000000000000000000000CB
S31500017EB0F70B0100F504010000000000746D0100DC
S31500017EC0756C0100766C0100766C0100766C010020
S31500017ED0766C0100766C0100766C0100766C01000F
S31500017EE0766C0100766C0100FFFFFFFFFFFFFFFFCD
S31500017EF0FFFFFFFFFFFF0000010041534349490017
S31500017F00000000000000000000000000000000006A
S31500017F1000000000000000000000415343494900F1
S31500017F20000000000000000000000000000000004A
S31100017F300000000000000000000000003E
S70500000411E5
